question_id,question,answer_id,answer,q_ev.covid,q_pt.covid,a_ev.covid,a_pt.covid,ev_prop.covid,pt_prop.covid,q_ev.non_covid,q_pt.non_covid,a_ev.non_covid,a_pt.non_covid,ev_prop.non_covid,pt_prop.non_covid,ev_prop_difference,pt_prop_difference,lower_CI_ev,upper_CI_ev,lower_CI_pt,upper_CI_pt,p_value_ev,p_value_pt
28010,Method of returning questionnaire results,1,Website,1911,338,23,19,0.012035583,0.056213018,58742,10540,837,644,0.014248749,0.061100569,-0.002213165,-0.004887552,-0.002742052,-0.001684278,-0.006740956,-0.003034147,6.34E-04,7.69E-04
28010,Method of returning questionnaire results,2,Post,1911,338,1888,338,0.987964417,1,58742,10540,57905,10540,0.985751251,1,0.002213165,0,0.001684278,0.002742052,0,0,9.12E-06,0
28011,COVID-19 symptoms: Fever 38 degrees C or greater,1,Yes,1911,338,98,87,0.051282051,0.25739645,58742,10540,969,870,0.016495863,0.082542694,0.034786188,0.174853755,0.032723887,0.036848489,0.1647591,0.184948411,0.007589138,0.018015094
28011,COVID-19 symptoms: Fever 38 degrees C or greater,0,No,1911,338,1813,337,0.948717949,0.99704142,58742,10540,57773,10512,0.983504137,0.997343454,-0.034786188,-3.02E-04,-0.036848489,-0.032723887,-7.64E-04,1.60E-04,1.44E-04,2.90E-06
28012,COVID-19 symptoms: Wheezing,1,Yes,1911,338,82,57,0.042909471,0.168639053,58742,10540,1257,821,0.021398659,0.077893738,0.021510813,0.090745315,0.019877974,0.023143652,0.083111468,0.098379162,0.003900325,0.010580202
28012,COVID-19 symptoms: Wheezing,0,No,1911,338,1829,337,0.957090529,0.99704142,58742,10540,57485,10505,0.978601341,0.996679317,-0.021510813,3.62E-04,-0.023143652,-0.019877974,-1.44E-04,8.68E-04,8.93E-05,3.48E-06
28013,COVID-19 symptoms: Chills,0,No,1911,338,1798,336,0.940868655,0.99408284,58742,10540,57367,10511,0.976592557,0.997248577,-0.035723902,-0.003165737,-0.037812799,-0.033635005,-0.00465866,-0.001672814,1.49E-04,3.04E-05
28013,COVID-19 symptoms: Chills,1,Yes,1911,338,113,93,0.059131345,0.275147929,58742,10540,1375,1154,0.023407443,0.109487666,0.035723902,0.165660263,0.033635005,0.037812799,0.155779984,0.175540542,0.005730176,0.013439584
28014,COVID-19 symptoms: Chest pain,0,No,1911,338,1829,337,0.957090529,0.99704142,58742,10540,57711,10512,0.982448674,0.997343454,-0.025358145,-3.02E-04,-0.027127514,-0.023588777,-7.64E-04,1.60E-04,1.05E-04,2.90E-06
28014,COVID-19 symptoms: Chest pain,1,Yes,1911,338,82,55,0.042909471,0.162721893,58742,10540,1031,711,0.017551326,0.067457306,0.025358145,0.095264588,0.023588777,0.027127514,0.087462423,0.103066752,0.005454438,0.012627871
28015,COVID-19 symptoms: Feeling more tired than usual,0,No,1911,338,1568,328,0.820512821,0.970414201,58742,10540,52971,10376,0.901756835,0.984440228,-0.081244014,-0.014026027,-0.084318927,-0.078169102,-0.017151304,-0.010900749,3.67E-04,1.37E-04
28015,COVID-19 symptoms: Feeling more tired than usual,1,Yes,1911,338,343,179,0.179487179,0.529585799,58742,10540,5771,3448,0.098243165,0.327134725,0.081244014,0.202451074,0.078169102,0.084318927,0.191772155,0.213129992,0.003240634,0.005789621
28016,COVID-19 symptoms: Headache,0,No,1911,338,1614,329,0.844583987,0.973372781,58742,10540,52882,10383,0.900241735,0.985104364,-0.055657748,-0.011731583,-0.058238014,-0.053077482,-0.014593153,-0.008870014,2.52E-04,1.14E-04
28016,COVID-19 symptoms: Headache,1,Yes,1911,338,297,150,0.155416013,0.443786982,58742,10540,5860,3220,0.099758265,0.305502846,0.055657748,0.138284136,0.053077482,0.058238014,0.129110177,0.147458095,0.002216153,0.004266958
28017,COVID-19 symptoms: Muscle ache,0,No,1911,338,1661,332,0.869178441,0.982248521,58742,10540,54865,10424,0.933999523,0.988994307,-0.064821083,-0.006745787,-0.06759212,-0.062050045,-0.008921166,-0.004570407,2.82E-04,6.54E-05
28017,COVID-19 symptoms: Muscle ache,1,Yes,1911,338,250,150,0.130821559,0.443786982,58742,10540,3877,2346,0.066000477,0.222580645,0.064821083,0.221206337,0.062050045,0.06759212,0.210175752,0.232236922,0.003815718,0.009116643
28018,COVID-19 symptoms: Nausea/vomiting,1,Yes,1911,338,75,57,0.039246468,0.168639053,58742,10540,1096,831,0.01865786,0.078842505,0.020588608,0.089796549,0.018990401,0.022186815,0.082198753,0.097394344,0.004256853,0.0103598
28018,COVID-19 symptoms: Nausea/vomiting,0,No,1911,338,1836,336,0.960753532,0.99408284,58742,10540,57646,10524,0.98134214,0.998481973,-0.020588608,-0.004399133,-0.022186815,-0.018990401,-0.006157926,-0.00264034,8.52E-05,4.22E-05
28019,COVID-19 symptoms: Sore throat,0,No,1911,338,1708,335,0.893772894,0.99112426,58742,10540,54215,10447,0.922934187,0.991176471,-0.029161293,-5.22E-05,-0.031055005,-0.027267581,-2.44E-04,1.40E-04,1.28E-04,5.05E-07
28019,COVID-19 symptoms: Sore throat,1,Yes,1911,338,203,133,0.106227106,0.393491124,58742,10540,4527,2953,0.077065813,0.280170778,0.029161293,0.113320346,0.027267581,0.031055005,0.1048962,0.121744492,0.001515121,0.003820726
28020,COVID-19 symptoms: Abdominal pain,0,No,1911,338,1811,336,0.947671376,0.99408284,58742,10540,57172,10510,0.973272956,0.9971537,-0.02560158,-0.00307086,-0.027379199,-0.023823961,-0.004541311,-0.001600408,1.07E-04,2.95E-05
28020,COVID-19 symptoms: Abdominal pain,1,Yes,1911,338,100,67,0.052328624,0.198224852,58742,10540,1570,1083,0.026727044,0.102751423,0.02560158,0.095473429,0.023823961,0.027379199,0.087663619,0.103283239,0.003726678,0.008554443
28021,COVID-19 symptoms: Persistent dry cough,0,No,1911,338,1793,337,0.938252224,0.99704142,58742,10540,56820,10493,0.967280651,0.995540797,-0.029028427,0.001500623,-0.030917949,-0.027138905,4.72E-04,0.002529346,1.22E-04,1.45E-05
28021,COVID-19 symptoms: Persistent dry cough,1,Yes,1911,338,118,96,0.061747776,0.284023669,58742,10540,1922,1509,0.032719349,0.14316888,0.029028427,0.140854788,0.027138905,0.030917949,0.131609772,0.150099804,0.003465285,0.009030116
28022,COVID-19 symptoms: Diarrhoea,1,Yes,1911,338,135,91,0.070643642,0.269230769,58742,10540,2686,1772,0.045725375,0.168121442,0.024918267,0.101109327,0.023163916,0.026672617,0.093097389,0.109121266,0.002165944,0.005631008
28022,COVID-19 symptoms: Diarrhoea,0,No,1911,338,1776,337,0.929356358,0.99704142,58742,10540,56056,10477,0.954274625,0.99402277,-0.024918267,0.00301865,-0.026672617,-0.023163916,0.001560714,0.004476586,1.06E-04,2.91E-05
28023,COVID-19 symptoms: Runny nose,0,No,1911,338,1672,329,0.874934589,0.973372781,58742,10540,53629,10409,0.91295836,0.987571157,-0.038023771,-0.014198376,-0.040176289,-0.035871253,-0.017342522,-0.011054231,1.69E-04,1.38E-04
28023,COVID-19 symptoms: Runny nose,1,Yes,1911,338,239,139,0.125065411,0.411242604,58742,10540,5113,3008,0.08704164,0.285388994,0.038023771,0.125853609,0.035871253,0.040176289,0.117038789,0.13466843,0.001744771,0.004159199
28024,COVID-19 symptoms: Loss of sense of small and taste,1,Yes,1911,338,110,78,0.057561486,0.230769231,58742,10540,1005,690,0.017108713,0.065464896,0.040452773,0.165304335,0.038235372,0.042670175,0.155432571,0.175176099,0.008340154,0.020798218
28024,COVID-19 symptoms: Loss of sense of small and taste,0,No,1911,338,1801,335,0.942438514,0.99112426,58742,10540,57737,10497,0.982891287,0.995920304,-0.040452773,-0.004796043,-0.042670175,-0.038235372,-0.0066321,-0.002959986,1.67E-04,4.62E-05
28025,COVID-19 symptoms: Shortness of breath,1,Yes,1911,338,163,94,0.085295657,0.278106509,58742,10540,2444,1450,0.041605665,0.137571157,0.043689991,0.140535351,0.041389465,0.045990518,0.131299108,0.149771595,0.004063747,0.009356138
28025,COVID-19 symptoms: Shortness of breath,0,No,1911,338,1748,333,0.914704343,0.985207101,58742,10540,56298,10461,0.958394335,0.992504744,-0.043689991,-0.007297643,-0.045990518,-0.041389465,-0.009559627,-0.00503566,1.85E-04,7.05E-05
28026,COVID-19 symptoms: Productive long-term cough ('wet' or chesty),0,No,1911,338,1817,337,0.950811094,0.99704142,58742,10540,57129,10490,0.972540942,0.995256167,-0.021729848,0.001785253,-0.023370796,-0.020088901,6.63E-04,0.002907144,9.08E-05,1.72E-05
28026,COVID-19 symptoms: Productive long-term cough ('wet' or chesty),1,Yes,1911,338,94,62,0.049188906,0.183431953,58742,10540,1613,1038,0.027459058,0.098481973,0.021729848,0.084949979,0.020088901,0.023370796,0.077540416,0.092359543,0.003106953,0.007970393
28027,COVID-19 symptoms requiring medical attention,1,Yes,1911,338,205,129,0.107273679,0.381656805,58742,10540,1842,1438,0.031357461,0.136432638,0.075916217,0.245224167,0.072935232,0.078897203,0.233790667,0.256657667,0.008500902,0.015653263
28027,COVID-19 symptoms requiring medical attention,0,No,1911,338,1706,338,0.892726321,1,58742,10540,56900,10505,0.968642539,0.996679317,-0.075916217,0.003320683,-0.078897203,-0.072935232,0.00179178,0.004849586,3.19E-04,3.19E-05
28028,COVID-19 symptoms requiring self-isolation,0,No,1911,338,1752,337,0.916797488,0.99704142,58742,10540,57512,10507,0.979060979,0.99686907,-0.06226349,1.72E-04,-0.064983022,-0.059543959,-1.77E-04,5.21E-04,2.59E-04,1.66E-06
28028,COVID-19 symptoms requiring self-isolation,1,Yes,1911,338,159,131,0.083202512,0.387573964,58742,10540,1230,1051,0.020939021,0.09971537,0.06226349,0.287858594,0.059543959,0.064983022,0.275825945,0.299891244,0.009972158,0.023078736
28029,COVID-19 symptoms requiring hospitalisation,0,No,1911,338,1891,337,0.989534275,0.99704142,58742,10540,58637,10539,0.998212523,0.999905123,-0.008678247,-0.002863703,-0.009722151,-0.007634344,-0.004283839,-0.001443568,3.53E-05,2.75E-05
28029,COVID-19 symptoms requiring hospitalisation,1,Yes,1911,338,20,17,0.010465725,0.050295858,58742,10540,105,94,0.001787477,0.008918406,0.008678247,0.041377452,0.007634344,0.009722151,0.036084545,0.046670359,0.013773267,0.031797218
28030,Self-reported date symptoms first experienced,12/22/2019,NA,NA,NA,NA,NA,NA,NA,8935,5234,8,8,8.95E-04,0.001528468,NA,NA,NA,NA,NA,NA,NA,NA
28030,Self-reported date symptoms first experienced,12/21/2019,NA,NA,NA,NA,NA,NA,NA,8935,5234,8,7,8.95E-04,0.001337409,NA,NA,NA,NA,NA,NA,NA,NA
28030,Self-reported date symptoms first experienced,12/23/2019,NA,NA,NA,NA,NA,NA,NA,8935,5234,14,13,0.001566872,0.00248376,NA,NA,NA,NA,NA,NA,NA,NA
28030,Self-reported date symptoms first experienced,3/9/2020,NA,NA,NA,NA,NA,NA,NA,8935,5234,39,37,0.004364857,0.007069163,NA,NA,NA,NA,NA,NA,NA,NA
28030,Self-reported date symptoms first experienced,3/14/2020,NA,431,226,6,6,0.013921114,0.026548673,8935,5234,44,43,0.004924454,0.008215514,0.008996659,0.018333159,0.006292301,0.011701017,0.013300848,0.02336547,0.016420032,0.025607389
28030,Self-reported date symptoms first experienced,3/15/2020,NA,431,226,15,12,0.034802784,0.053097345,8935,5234,259,244,0.028987129,0.046618265,0.005815655,0.00647908,0.003637851,0.007993459,0.003469458,0.009488702,0.002052337,0.001869413
28030,Self-reported date symptoms first experienced,3/16/2020,NA,431,226,6,5,0.013921114,0.022123894,8935,5234,57,55,0.006379407,0.010508216,0.007541707,0.011615678,0.005063846,0.010019568,0.007596364,0.015634993,0.011278248,0.013998133
28030,Self-reported date symptoms first experienced,3/22/2020,NA,NA,NA,NA,NA,NA,NA,8935,5234,40,28,0.004476777,0.005349637,NA,NA,NA,NA,NA,NA,NA,NA
28030,Self-reported date symptoms first experienced,3/24/2020,NA,NA,NA,NA,NA,NA,NA,8935,5234,23,23,0.002574147,0.004394345,NA,NA,NA,NA,NA,NA,NA,NA
28030,Self-reported date symptoms first experienced,3/26/2020,NA,NA,NA,NA,NA,NA,NA,8935,5234,21,19,0.002350308,0.003630111,NA,NA,NA,NA,NA,NA,NA,NA
28030,Self-reported date symptoms first experienced,3/29/2020,NA,NA,NA,NA,NA,NA,NA,8935,5234,12,12,0.001343033,0.002292702,NA,NA,NA,NA,NA,NA,NA,NA
28030,Self-reported date symptoms first experienced,3/30/2020,NA,NA,NA,NA,NA,NA,NA,8935,5234,31,30,0.003469502,0.005731754,NA,NA,NA,NA,NA,NA,NA,NA
28030,Self-reported date symptoms first experienced,4/1/2020,NA,431,226,6,5,0.013921114,0.022123894,8935,5234,105,97,0.011751539,0.018532671,0.002169575,0.003591223,8.37E-04,0.003502181,0.001347306,0.005835139,0.001890208,0.002599683
28030,Self-reported date symptoms first experienced,4/3/2020,NA,NA,NA,NA,NA,NA,NA,8935,5234,9,9,0.001007275,0.001719526,NA,NA,NA,NA,NA,NA,NA,NA
28030,Self-reported date symptoms first experienced,4/5/2020,NA,NA,NA,NA,NA,NA,NA,8935,5234,9,9,0.001007275,0.001719526,NA,NA,NA,NA,NA,NA,NA,NA
28030,Self-reported date symptoms first experienced,4/8/2020,NA,NA,NA,NA,NA,NA,NA,8935,5234,11,11,0.001231114,0.002101643,NA,NA,NA,NA,NA,NA,NA,NA
28030,Self-reported date symptoms first experienced,4/16/2020,NA,NA,NA,NA,NA,NA,NA,8935,5234,10,5,0.001119194,9.55E-04,NA,NA,NA,NA,NA,NA,NA,NA
28030,Self-reported date symptoms first experienced,4/22/2020,NA,NA,NA,NA,NA,NA,NA,8935,5234,5,5,5.60E-04,9.55E-04,NA,NA,NA,NA,NA,NA,NA,NA
28030,Self-reported date symptoms first experienced,4/23/2020,NA,NA,NA,NA,NA,NA,NA,8935,5234,7,7,7.83E-04,0.001337409,NA,NA,NA,NA,NA,NA,NA,NA
28030,Self-reported date symptoms first experienced,4/25/2020,NA,NA,NA,NA,NA,NA,NA,8935,5234,7,7,7.83E-04,0.001337409,NA,NA,NA,NA,NA,NA,NA,NA
28030,Self-reported date symptoms first experienced,12/29/2019,NA,NA,NA,NA,NA,NA,NA,8935,5234,13,13,0.001454952,0.00248376,NA,NA,NA,NA,NA,NA,NA,NA
28030,Self-reported date symptoms first experienced,12/30/2019,NA,NA,NA,NA,NA,NA,NA,8935,5234,20,20,0.002238388,0.003821169,NA,NA,NA,NA,NA,NA,NA,NA
28030,Self-reported date symptoms first experienced,12/31/2019,NA,NA,NA,NA,NA,NA,NA,8935,5234,27,23,0.003021824,0.004394345,NA,NA,NA,NA,NA,NA,NA,NA
28030,Self-reported date symptoms first experienced,1/2/2020,NA,NA,NA,NA,NA,NA,NA,8935,5234,18,17,0.00201455,0.003247994,NA,NA,NA,NA,NA,NA,NA,NA
28030,Self-reported date symptoms first experienced,1/3/2020,NA,NA,NA,NA,NA,NA,NA,8935,5234,25,23,0.002797985,0.004394345,NA,NA,NA,NA,NA,NA,NA,NA
28030,Self-reported date symptoms first experienced,1/4/2020,NA,NA,NA,NA,NA,NA,NA,8935,5234,16,16,0.001790711,0.003056935,NA,NA,NA,NA,NA,NA,NA,NA
28030,Self-reported date symptoms first experienced,1/5/2020,NA,NA,NA,NA,NA,NA,NA,8935,5234,21,21,0.002350308,0.004012228,NA,NA,NA,NA,NA,NA,NA,NA
28030,Self-reported date symptoms first experienced,1/6/2020,NA,NA,NA,NA,NA,NA,NA,8935,5234,26,24,0.002909905,0.004585403,NA,NA,NA,NA,NA,NA,NA,NA
28030,Self-reported date symptoms first experienced,1/8/2020,NA,NA,NA,NA,NA,NA,NA,8935,5234,9,9,0.001007275,0.001719526,NA,NA,NA,NA,NA,NA,NA,NA
28030,Self-reported date symptoms first experienced,1/9/2020,NA,NA,NA,NA,NA,NA,NA,8935,5234,5,5,5.60E-04,9.55E-04,NA,NA,NA,NA,NA,NA,NA,NA
28030,Self-reported date symptoms first experienced,1/12/2020,NA,NA,NA,NA,NA,NA,NA,8935,5234,5,5,5.60E-04,9.55E-04,NA,NA,NA,NA,NA,NA,NA,NA
28030,Self-reported date symptoms first experienced,1/14/2020,NA,NA,NA,NA,NA,NA,NA,8935,5234,14,14,0.001566872,0.002674818,NA,NA,NA,NA,NA,NA,NA,NA
28030,Self-reported date symptoms first experienced,1/15/2020,NA,431,226,6,6,0.013921114,0.026548673,8935,5234,220,209,0.024622272,0.039931219,-0.010701158,-0.013382546,-0.013648057,-0.00775426,-0.017692877,-0.009072216,0.004562812,0.004588849
28030,Self-reported date symptoms first experienced,1/17/2020,NA,NA,NA,NA,NA,NA,NA,8935,5234,14,10,0.001566872,0.001910585,NA,NA,NA,NA,NA,NA,NA,NA
28030,Self-reported date symptoms first experienced,1/19/2020,NA,NA,NA,NA,NA,NA,NA,8935,5234,8,6,8.95E-04,0.001146351,NA,NA,NA,NA,NA,NA,NA,NA
28030,Self-reported date symptoms first experienced,1/23/2020,NA,NA,NA,NA,NA,NA,NA,8935,5234,8,8,8.95E-04,0.001528468,NA,NA,NA,NA,NA,NA,NA,NA
28030,Self-reported date symptoms first experienced,1/24/2020,NA,NA,NA,NA,NA,NA,NA,8935,5234,10,10,0.001119194,0.001910585,NA,NA,NA,NA,NA,NA,NA,NA
28030,Self-reported date symptoms first experienced,1/25/2020,NA,NA,NA,NA,NA,NA,NA,8935,5234,18,15,0.00201455,0.002865877,NA,NA,NA,NA,NA,NA,NA,NA
28030,Self-reported date symptoms first experienced,1/26/2020,NA,NA,NA,NA,NA,NA,NA,8935,5234,9,6,0.001007275,0.001146351,NA,NA,NA,NA,NA,NA,NA,NA
28030,Self-reported date symptoms first experienced,1/27/2020,NA,NA,NA,NA,NA,NA,NA,8935,5234,15,15,0.001678791,0.002865877,NA,NA,NA,NA,NA,NA,NA,NA
28030,Self-reported date symptoms first experienced,1/28/2020,NA,NA,NA,NA,NA,NA,NA,8935,5234,20,16,0.002238388,0.003056935,NA,NA,NA,NA,NA,NA,NA,NA
28030,Self-reported date symptoms first experienced,1/29/2020,NA,NA,NA,NA,NA,NA,NA,8935,5234,8,8,8.95E-04,0.001528468,NA,NA,NA,NA,NA,NA,NA,NA
28030,Self-reported date symptoms first experienced,1/31/2020,NA,NA,NA,NA,NA,NA,NA,8935,5234,50,49,0.005595971,0.009361865,NA,NA,NA,NA,NA,NA,NA,NA
28030,Self-reported date symptoms first experienced,2/2/2020,NA,NA,NA,NA,NA,NA,NA,8935,5234,23,22,0.002574147,0.004203286,NA,NA,NA,NA,NA,NA,NA,NA
28030,Self-reported date symptoms first experienced,2/4/2020,NA,NA,NA,NA,NA,NA,NA,8935,5234,11,11,0.001231114,0.002101643,NA,NA,NA,NA,NA,NA,NA,NA
28030,Self-reported date symptoms first experienced,2/6/2020,NA,NA,NA,NA,NA,NA,NA,8935,5234,20,17,0.002238388,0.003247994,NA,NA,NA,NA,NA,NA,NA,NA
28030,Self-reported date symptoms first experienced,2/7/2020,NA,NA,NA,NA,NA,NA,NA,8935,5234,15,15,0.001678791,0.002865877,NA,NA,NA,NA,NA,NA,NA,NA
28030,Self-reported date symptoms first experienced,2/8/2020,NA,NA,NA,NA,NA,NA,NA,8935,5234,24,16,0.002686066,0.003056935,NA,NA,NA,NA,NA,NA,NA,NA
28030,Self-reported date symptoms first experienced,2/9/2020,NA,NA,NA,NA,NA,NA,NA,8935,5234,15,15,0.001678791,0.002865877,NA,NA,NA,NA,NA,NA,NA,NA
28030,Self-reported date symptoms first experienced,2/12/2020,NA,NA,NA,NA,NA,NA,NA,8935,5234,9,9,0.001007275,0.001719526,NA,NA,NA,NA,NA,NA,NA,NA
28030,Self-reported date symptoms first experienced,2/14/2020,NA,NA,NA,NA,NA,NA,NA,8935,5234,25,24,0.002797985,0.004585403,NA,NA,NA,NA,NA,NA,NA,NA
28030,Self-reported date symptoms first experienced,2/15/2020,NA,431,226,9,9,0.020881671,0.039823009,8935,5234,178,161,0.019921656,0.030760413,9.60E-04,0.009062596,7.30E-05,0.001846999,0.005507788,0.012617405,4.97E-04,0.003932523
28030,Self-reported date symptoms first experienced,2/16/2020,NA,NA,NA,NA,NA,NA,NA,8935,5234,11,11,0.001231114,0.002101643,NA,NA,NA,NA,NA,NA,NA,NA
28030,Self-reported date symptoms first experienced,2/18/2020,NA,NA,NA,NA,NA,NA,NA,8935,5234,11,11,0.001231114,0.002101643,NA,NA,NA,NA,NA,NA,NA,NA
28030,Self-reported date symptoms first experienced,2/19/2020,NA,NA,NA,NA,NA,NA,NA,8935,5234,8,8,8.95E-04,0.001528468,NA,NA,NA,NA,NA,NA,NA,NA
28030,Self-reported date symptoms first experienced,2/21/2020,NA,NA,NA,NA,NA,NA,NA,8935,5234,17,15,0.00190263,0.002865877,NA,NA,NA,NA,NA,NA,NA,NA
28030,Self-reported date symptoms first experienced,2/22/2020,NA,NA,NA,NA,NA,NA,NA,8935,5234,8,8,8.95E-04,0.001528468,NA,NA,NA,NA,NA,NA,NA,NA
28030,Self-reported date symptoms first experienced,2/23/2020,NA,NA,NA,NA,NA,NA,NA,8935,5234,10,10,0.001119194,0.001910585,NA,NA,NA,NA,NA,NA,NA,NA
28030,Self-reported date symptoms first experienced,2/24/2020,NA,NA,NA,NA,NA,NA,NA,8935,5234,22,19,0.002462227,0.003630111,NA,NA,NA,NA,NA,NA,NA,NA
28030,Self-reported date symptoms first experienced,2/25/2020,NA,NA,NA,NA,NA,NA,NA,8935,5234,21,19,0.002350308,0.003630111,NA,NA,NA,NA,NA,NA,NA,NA
28030,Self-reported date symptoms first experienced,2/28/2020,NA,NA,NA,NA,NA,NA,NA,8935,5234,40,34,0.004476777,0.006495988,NA,NA,NA,NA,NA,NA,NA,NA
28030,Self-reported date symptoms first experienced,3/4/2020,NA,NA,NA,NA,NA,NA,NA,8935,5234,17,17,0.00190263,0.003247994,NA,NA,NA,NA,NA,NA,NA,NA
28030,Self-reported date symptoms first experienced,7/11/2020,NA,NA,NA,NA,NA,NA,NA,8935,5234,23,23,0.002574147,0.004394345,NA,NA,NA,NA,NA,NA,NA,NA
28030,Self-reported date symptoms first experienced,7/14/2020,NA,NA,NA,NA,NA,NA,NA,8935,5234,26,26,0.002909905,0.00496752,NA,NA,NA,NA,NA,NA,NA,NA
28030,Self-reported date symptoms first experienced,7/16/2020,NA,NA,NA,NA,NA,NA,NA,8935,5234,23,22,0.002574147,0.004203286,NA,NA,NA,NA,NA,NA,NA,NA
28030,Self-reported date symptoms first experienced,7/19/2020,NA,NA,NA,NA,NA,NA,NA,8935,5234,19,19,0.002126469,0.003630111,NA,NA,NA,NA,NA,NA,NA,NA
28030,Self-reported date symptoms first experienced,7/21/2020,NA,NA,NA,NA,NA,NA,NA,8935,5234,26,26,0.002909905,0.00496752,NA,NA,NA,NA,NA,NA,NA,NA
28030,Self-reported date symptoms first experienced,7/24/2020,NA,NA,NA,NA,NA,NA,NA,8935,5234,16,16,0.001790711,0.003056935,NA,NA,NA,NA,NA,NA,NA,NA
28030,Self-reported date symptoms first experienced,7/29/2020,NA,NA,NA,NA,NA,NA,NA,8935,5234,32,32,0.003581421,0.006113871,NA,NA,NA,NA,NA,NA,NA,NA
28030,Self-reported date symptoms first experienced,8/4/2020,NA,NA,NA,NA,NA,NA,NA,8935,5234,24,24,0.002686066,0.004585403,NA,NA,NA,NA,NA,NA,NA,NA
28030,Self-reported date symptoms first experienced,8/9/2020,NA,NA,NA,NA,NA,NA,NA,8935,5234,15,15,0.001678791,0.002865877,NA,NA,NA,NA,NA,NA,NA,NA
28030,Self-reported date symptoms first experienced,8/11/2020,NA,NA,NA,NA,NA,NA,NA,8935,5234,19,19,0.002126469,0.003630111,NA,NA,NA,NA,NA,NA,NA,NA
28030,Self-reported date symptoms first experienced,8/14/2020,NA,NA,NA,NA,NA,NA,NA,8935,5234,26,25,0.002909905,0.004776462,NA,NA,NA,NA,NA,NA,NA,NA
28030,Self-reported date symptoms first experienced,8/16/2020,NA,NA,NA,NA,NA,NA,NA,8935,5234,19,19,0.002126469,0.003630111,NA,NA,NA,NA,NA,NA,NA,NA
28030,Self-reported date symptoms first experienced,8/20/2020,NA,431,226,5,5,0.011600928,0.022123894,8935,5234,64,63,0.007162843,0.012036683,0.004438085,0.010087211,0.0025343,0.006341871,0.006338769,0.013835652,0.006175773,0.010821278
28030,Self-reported date symptoms first experienced,8/21/2020,NA,NA,NA,NA,NA,NA,NA,8935,5234,21,21,0.002350308,0.004012228,NA,NA,NA,NA,NA,NA,NA,NA
28030,Self-reported date symptoms first experienced,4/27/2020,NA,NA,NA,NA,NA,NA,NA,8935,5234,7,7,7.83E-04,0.001337409,NA,NA,NA,NA,NA,NA,NA,NA
28030,Self-reported date symptoms first experienced,4/30/2020,NA,NA,NA,NA,NA,NA,NA,8935,5234,10,10,0.001119194,0.001910585,NA,NA,NA,NA,NA,NA,NA,NA
28030,Self-reported date symptoms first experienced,5/2/2020,NA,NA,NA,NA,NA,NA,NA,8935,5234,6,6,6.72E-04,0.001146351,NA,NA,NA,NA,NA,NA,NA,NA
28030,Self-reported date symptoms first experienced,5/5/2020,NA,NA,NA,NA,NA,NA,NA,8935,5234,19,19,0.002126469,0.003630111,NA,NA,NA,NA,NA,NA,NA,NA
28030,Self-reported date symptoms first experienced,5/6/2020,NA,NA,NA,NA,NA,NA,NA,8935,5234,7,6,7.83E-04,0.001146351,NA,NA,NA,NA,NA,NA,NA,NA
28030,Self-reported date symptoms first experienced,5/7/2020,NA,NA,NA,NA,NA,NA,NA,8935,5234,5,5,5.60E-04,9.55E-04,NA,NA,NA,NA,NA,NA,NA,NA
28030,Self-reported date symptoms first experienced,5/11/2020,NA,NA,NA,NA,NA,NA,NA,8935,5234,5,5,5.60E-04,9.55E-04,NA,NA,NA,NA,NA,NA,NA,NA
28030,Self-reported date symptoms first experienced,5/13/2020,NA,NA,NA,NA,NA,NA,NA,8935,5234,9,9,0.001007275,0.001719526,NA,NA,NA,NA,NA,NA,NA,NA
28030,Self-reported date symptoms first experienced,5/18/2020,NA,NA,NA,NA,NA,NA,NA,8935,5234,7,7,7.83E-04,0.001337409,NA,NA,NA,NA,NA,NA,NA,NA
28030,Self-reported date symptoms first experienced,5/19/2020,NA,NA,NA,NA,NA,NA,NA,8935,5234,7,7,7.83E-04,0.001337409,NA,NA,NA,NA,NA,NA,NA,NA
28030,Self-reported date symptoms first experienced,5/21/2020,NA,NA,NA,NA,NA,NA,NA,8935,5234,5,5,5.60E-04,9.55E-04,NA,NA,NA,NA,NA,NA,NA,NA
28030,Self-reported date symptoms first experienced,5/23/2020,NA,NA,NA,NA,NA,NA,NA,8935,5234,7,7,7.83E-04,0.001337409,NA,NA,NA,NA,NA,NA,NA,NA
28030,Self-reported date symptoms first experienced,5/24/2020,NA,NA,NA,NA,NA,NA,NA,8935,5234,11,11,0.001231114,0.002101643,NA,NA,NA,NA,NA,NA,NA,NA
28030,Self-reported date symptoms first experienced,5/26/2020,NA,NA,NA,NA,NA,NA,NA,8935,5234,8,8,8.95E-04,0.001528468,NA,NA,NA,NA,NA,NA,NA,NA
28030,Self-reported date symptoms first experienced,5/27/2020,NA,NA,NA,NA,NA,NA,NA,8935,5234,10,10,0.001119194,0.001910585,NA,NA,NA,NA,NA,NA,NA,NA
28030,Self-reported date symptoms first experienced,5/28/2020,NA,NA,NA,NA,NA,NA,NA,8935,5234,8,8,8.95E-04,0.001528468,NA,NA,NA,NA,NA,NA,NA,NA
28030,Self-reported date symptoms first experienced,5/30/2020,NA,NA,NA,NA,NA,NA,NA,8935,5234,7,7,7.83E-04,0.001337409,NA,NA,NA,NA,NA,NA,NA,NA
28030,Self-reported date symptoms first experienced,5/31/2020,NA,NA,NA,NA,NA,NA,NA,8935,5234,6,6,6.72E-04,0.001146351,NA,NA,NA,NA,NA,NA,NA,NA
28030,Self-reported date symptoms first experienced,6/2/2020,NA,NA,NA,NA,NA,NA,NA,8935,5234,11,10,0.001231114,0.001910585,NA,NA,NA,NA,NA,NA,NA,NA
28030,Self-reported date symptoms first experienced,6/3/2020,NA,NA,NA,NA,NA,NA,NA,8935,5234,9,9,0.001007275,0.001719526,NA,NA,NA,NA,NA,NA,NA,NA
28030,Self-reported date symptoms first experienced,6/4/2020,NA,NA,NA,NA,NA,NA,NA,8935,5234,8,8,8.95E-04,0.001528468,NA,NA,NA,NA,NA,NA,NA,NA
28030,Self-reported date symptoms first experienced,6/5/2020,NA,NA,NA,NA,NA,NA,NA,8935,5234,6,6,6.72E-04,0.001146351,NA,NA,NA,NA,NA,NA,NA,NA
28030,Self-reported date symptoms first experienced,6/9/2020,NA,NA,NA,NA,NA,NA,NA,8935,5234,6,6,6.72E-04,0.001146351,NA,NA,NA,NA,NA,NA,NA,NA
28030,Self-reported date symptoms first experienced,6/12/2020,NA,NA,NA,NA,NA,NA,NA,8935,5234,14,13,0.001566872,0.00248376,NA,NA,NA,NA,NA,NA,NA,NA
28030,Self-reported date symptoms first experienced,6/13/2020,NA,NA,NA,NA,NA,NA,NA,8935,5234,15,15,0.001678791,0.002865877,NA,NA,NA,NA,NA,NA,NA,NA
28030,Self-reported date symptoms first experienced,6/14/2020,NA,NA,NA,NA,NA,NA,NA,8935,5234,24,23,0.002686066,0.004394345,NA,NA,NA,NA,NA,NA,NA,NA
28030,Self-reported date symptoms first experienced,6/16/2020,NA,NA,NA,NA,NA,NA,NA,8935,5234,20,20,0.002238388,0.003821169,NA,NA,NA,NA,NA,NA,NA,NA
28030,Self-reported date symptoms first experienced,6/17/2020,NA,NA,NA,NA,NA,NA,NA,8935,5234,8,8,8.95E-04,0.001528468,NA,NA,NA,NA,NA,NA,NA,NA
28030,Self-reported date symptoms first experienced,6/18/2020,NA,NA,NA,NA,NA,NA,NA,8935,5234,16,16,0.001790711,0.003056935,NA,NA,NA,NA,NA,NA,NA,NA
28030,Self-reported date symptoms first experienced,6/23/2020,NA,NA,NA,NA,NA,NA,NA,8935,5234,14,14,0.001566872,0.002674818,NA,NA,NA,NA,NA,NA,NA,NA
28030,Self-reported date symptoms first experienced,6/25/2020,NA,NA,NA,NA,NA,NA,NA,8935,5234,24,24,0.002686066,0.004585403,NA,NA,NA,NA,NA,NA,NA,NA
28030,Self-reported date symptoms first experienced,6/26/2020,NA,NA,NA,NA,NA,NA,NA,8935,5234,15,15,0.001678791,0.002865877,NA,NA,NA,NA,NA,NA,NA,NA
28030,Self-reported date symptoms first experienced,7/1/2020,NA,431,226,7,6,0.016241299,0.026548673,8935,5234,140,138,0.015668719,0.026366068,5.73E-04,1.83E-04,-1.13E-04,0.001257722,-3.24E-04,6.89E-04,3.77E-04,9.37E-05
28030,Self-reported date symptoms first experienced,11/15/2019,NA,NA,NA,NA,NA,NA,NA,8935,5234,8,8,8.95E-04,0.001528468,NA,NA,NA,NA,NA,NA,NA,NA
28030,Self-reported date symptoms first experienced,12/3/2019,NA,NA,NA,NA,NA,NA,NA,8935,5234,11,11,0.001231114,0.002101643,NA,NA,NA,NA,NA,NA,NA,NA
28030,Self-reported date symptoms first experienced,12/5/2019,NA,NA,NA,NA,NA,NA,NA,8935,5234,12,11,0.001343033,0.002101643,NA,NA,NA,NA,NA,NA,NA,NA
28030,Self-reported date symptoms first experienced,12/7/2019,NA,NA,NA,NA,NA,NA,NA,8935,5234,7,7,7.83E-04,0.001337409,NA,NA,NA,NA,NA,NA,NA,NA
28030,Self-reported date symptoms first experienced,12/9/2019,NA,NA,NA,NA,NA,NA,NA,8935,5234,6,6,6.72E-04,0.001146351,NA,NA,NA,NA,NA,NA,NA,NA
28030,Self-reported date symptoms first experienced,12/10/2019,NA,NA,NA,NA,NA,NA,NA,8935,5234,13,13,0.001454952,0.00248376,NA,NA,NA,NA,NA,NA,NA,NA
28030,Self-reported date symptoms first experienced,12/12/2019,NA,NA,NA,NA,NA,NA,NA,8935,5234,12,10,0.001343033,0.001910585,NA,NA,NA,NA,NA,NA,NA,NA
28030,Self-reported date symptoms first experienced,12/13/2019,NA,NA,NA,NA,NA,NA,NA,8935,5234,7,7,7.83E-04,0.001337409,NA,NA,NA,NA,NA,NA,NA,NA
28030,Self-reported date symptoms first experienced,12/14/2019,NA,NA,NA,NA,NA,NA,NA,8935,5234,10,9,0.001119194,0.001719526,NA,NA,NA,NA,NA,NA,NA,NA
28030,Self-reported date symptoms first experienced,12/15/2019,NA,431,226,7,7,0.016241299,0.030973451,8935,5234,120,110,0.01343033,0.021016431,0.002810969,0.00995702,0.001294607,0.004327331,0.006232602,0.013681439,0.002140031,0.006261631
28030,Self-reported date symptoms first experienced,12/16/2019,NA,NA,NA,NA,NA,NA,NA,8935,5234,8,8,8.95E-04,0.001528468,NA,NA,NA,NA,NA,NA,NA,NA
28030,Self-reported date symptoms first experienced,12/17/2019,NA,NA,NA,NA,NA,NA,NA,8935,5234,7,6,7.83E-04,0.001146351,NA,NA,NA,NA,NA,NA,NA,NA
28030,Self-reported date symptoms first experienced,12/18/2019,NA,NA,NA,NA,NA,NA,NA,8935,5234,7,7,7.83E-04,0.001337409,NA,NA,NA,NA,NA,NA,NA,NA
28030,Self-reported date symptoms first experienced,9/27/2020,NA,NA,NA,NA,NA,NA,NA,8935,5234,24,24,0.002686066,0.004585403,NA,NA,NA,NA,NA,NA,NA,NA
28030,Self-reported date symptoms first experienced,9/29/2020,NA,NA,NA,NA,NA,NA,NA,8935,5234,21,21,0.002350308,0.004012228,NA,NA,NA,NA,NA,NA,NA,NA
28030,Self-reported date symptoms first experienced,8/27/2020,NA,NA,NA,NA,NA,NA,NA,8935,5234,27,26,0.003021824,0.00496752,NA,NA,NA,NA,NA,NA,NA,NA
28030,Self-reported date symptoms first experienced,8/29/2020,NA,NA,NA,NA,NA,NA,NA,8935,5234,35,35,0.00391718,0.006687046,NA,NA,NA,NA,NA,NA,NA,NA
28030,Self-reported date symptoms first experienced,8/30/2020,NA,NA,NA,NA,NA,NA,NA,8935,5234,35,34,0.00391718,0.006495988,NA,NA,NA,NA,NA,NA,NA,NA
28030,Self-reported date symptoms first experienced,9/6/2020,NA,NA,NA,NA,NA,NA,NA,8935,5234,13,13,0.001454952,0.00248376,NA,NA,NA,NA,NA,NA,NA,NA
28030,Self-reported date symptoms first experienced,9/10/2020,NA,NA,NA,NA,NA,NA,NA,8935,5234,44,44,0.004924454,0.008406572,NA,NA,NA,NA,NA,NA,NA,NA
28030,Self-reported date symptoms first experienced,9/22/2020,NA,NA,NA,NA,NA,NA,NA,8935,5234,24,24,0.002686066,0.004585403,NA,NA,NA,NA,NA,NA,NA,NA
28030,Self-reported date symptoms first experienced,9/24/2020,NA,431,226,5,5,0.011600928,0.022123894,8935,5234,26,26,0.002909905,0.00496752,0.008691023,0.017156374,0.006032589,0.011349458,0.012285333,0.022027414,0.023772051,0.035036729
28030,Self-reported date symptoms first experienced,10/6/2020,NA,NA,NA,NA,NA,NA,NA,8935,5234,15,14,0.001678791,0.002674818,NA,NA,NA,NA,NA,NA,NA,NA
28030,Self-reported date symptoms first experienced,10/14/2020,NA,NA,NA,NA,NA,NA,NA,8935,5234,21,21,0.002350308,0.004012228,NA,NA,NA,NA,NA,NA,NA,NA
28030,Self-reported date symptoms first experienced,10/23/2020,NA,431,226,5,5,0.011600928,0.022123894,8935,5234,19,19,0.002126469,0.003630111,0.009474459,0.018493783,0.006699887,0.012249032,0.013439888,0.023547678,0.030202314,0.043639803
28030,Self-reported date symptoms first experienced,10/29/2020,NA,NA,NA,NA,NA,NA,NA,8935,5234,5,5,5.60E-04,9.55E-04,NA,NA,NA,NA,NA,NA,NA,NA
28030,Self-reported date symptoms first experienced,10/31/2020,NA,NA,NA,NA,NA,NA,NA,8935,5234,9,9,0.001007275,0.001719526,NA,NA,NA,NA,NA,NA,NA,NA
28030,Self-reported date symptoms first experienced,11/4/2020,NA,NA,NA,NA,NA,NA,NA,8935,5234,6,6,6.72E-04,0.001146351,NA,NA,NA,NA,NA,NA,NA,NA
28030,Self-reported date symptoms first experienced,11/5/2020,NA,NA,NA,NA,NA,NA,NA,8935,5234,9,9,0.001007275,0.001719526,NA,NA,NA,NA,NA,NA,NA,NA
28030,Self-reported date symptoms first experienced,11/13/2020,NA,NA,NA,NA,NA,NA,NA,8935,5234,5,5,5.60E-04,9.55E-04,NA,NA,NA,NA,NA,NA,NA,NA
28031,Self-reported date of a positive COVID-19 test result,1/1/1999,NA,138,118,6,6,0.043478261,0.050847458,16,15,16,15,1,1,-0.956521739,-0.949152542,-1.002071514,-0.910971964,-1.001953269,-0.896351816,0.237204521,0.242615278
28031,Self-reported date of a positive COVID-19 test result,4/15/2020,NA,138,118,5,5,0.036231884,0.042372881,NA,NA,NA,NA,NA,NA,NA,NA,NA,NA,NA,NA,NA,NA
28032,Date questionnaire results were received by post,8/20/2020,NA,1888,338,10,10,0.00529661,0.029585799,57905,10540,187,187,0.003229428,0.017741935,0.002067183,0.011843863,0.001552336,0.002582029,0.008968796,0.014718931,0.002550583,0.006230506
28032,Date questionnaire results were received by post,8/25/2020,NA,1888,338,28,28,0.014830508,0.082840237,57905,10540,975,975,0.016837924,0.092504744,-0.002007416,-0.009664507,-0.00251478,-0.001500051,-0.012264485,-0.00706453,4.89E-04,0.001004804
28032,Date questionnaire results were received by post,5/27/2020,NA,1888,338,8,8,0.004237288,0.023668639,57905,10540,155,155,0.002676798,0.014705882,0.00156049,0.008962757,0.001113056,0.002007924,0.006458065,0.011467449,0.002329344,0.005704297
28032,Date questionnaire results were received by post,5/28/2020,NA,1888,338,10,10,0.00529661,0.029585799,57905,10540,257,257,0.004438304,0.024383302,8.58E-04,0.005202497,5.26E-04,0.001190256,0.003290612,0.007114382,7.86E-04,0.002030868
28032,Date questionnaire results were received by post,5/29/2020,NA,1888,338,5,5,0.002648305,0.014792899,57905,10540,310,310,0.005353596,0.029411765,-0.002705291,-0.014618865,-0.003294076,-0.002116506,-0.017808548,-0.011429182,0.002091629,0.004821896
28032,Date questionnaire results were received by post,5/30/2020,NA,1888,338,12,12,0.006355932,0.035502959,57905,10540,357,357,0.006165271,0.033870968,1.91E-04,0.001631991,3.42E-05,3.47E-04,5.59E-04,0.002704727,1.26E-04,4.61E-04
28032,Date questionnaire results were received by post,6/1/2020,NA,1888,338,5,5,0.002648305,0.014792899,57905,10540,324,324,0.005595372,0.030740038,-0.002947067,-0.015947139,-0.003561524,-0.002332609,-0.019276333,-0.012617944,0.002180834,0.005034443
28032,Date questionnaire results were received by post,6/3/2020,NA,1888,338,11,11,0.005826271,0.032544379,57905,10540,412,412,0.007115102,0.039089184,-0.001288831,-0.006544805,-0.001695514,-8.82E-04,-0.008687751,-0.00440186,7.45E-04,0.001613042
28032,Date questionnaire results were received by post,6/4/2020,NA,1888,338,11,11,0.005826271,0.032544379,57905,10540,398,398,0.006873327,0.037760911,-0.001047056,-0.005216532,-0.001413658,-6.80E-04,-0.007130981,-0.003302083,6.26E-04,0.001329864
28032,Date questionnaire results were received by post,6/5/2020,NA,1888,338,16,16,0.008474576,0.047337278,57905,10540,409,409,0.007063293,0.038804554,0.001411283,0.008532724,9.86E-04,0.001836821,0.006088328,0.01097712,8.12E-04,0.002092482
28032,Date questionnaire results were received by post,6/6/2020,NA,1888,338,10,10,0.00529661,0.029585799,57905,10540,325,325,0.005612641,0.030834915,-3.16E-04,-0.001249116,-5.18E-04,-1.15E-04,-0.002187798,-3.10E-04,2.31E-04,3.89E-04
28032,Date questionnaire results were received by post,6/8/2020,NA,1888,338,9,9,0.004766949,0.026627219,57905,10540,224,224,0.003868405,0.021252372,8.99E-04,0.005374847,5.59E-04,0.001238179,0.003431719,0.007317975,9.42E-04,0.002403662
28032,Date questionnaire results were received by post,6/10/2020,NA,NA,NA,NA,NA,NA,NA,57905,10540,33,33,5.70E-04,0.00313093,NA,NA,NA,NA,NA,NA,NA,NA
28032,Date questionnaire results were received by post,6/12/2020,NA,NA,NA,NA,NA,NA,NA,57905,10540,57,57,9.84E-04,0.00540797,NA,NA,NA,NA,NA,NA,NA,NA
28032,Date questionnaire results were received by post,6/15/2020,NA,NA,NA,NA,NA,NA,NA,57905,10540,15,15,2.59E-04,0.00142315,NA,NA,NA,NA,NA,NA,NA,NA
28032,Date questionnaire results were received by post,6/16/2020,NA,1888,338,16,16,0.008474576,0.047337278,57905,10540,535,535,0.009239271,0.050759013,-7.65E-04,-0.003421735,-0.001078035,-4.51E-04,-0.004973649,-0.001869822,3.39E-04,6.48E-04
28032,Date questionnaire results were received by post,6/17/2020,NA,1888,338,24,24,0.012711864,0.071005917,57905,10540,609,609,0.010517226,0.057779886,0.002194638,0.013226031,0.001664191,0.002725085,0.010189958,0.016262104,8.47E-04,0.002177524
28032,Date questionnaire results were received by post,6/18/2020,NA,1888,338,25,25,0.013241525,0.073964497,57905,10540,486,486,0.008393058,0.046110057,0.004848468,0.02785444,0.004061087,0.005635849,0.023481219,0.032227661,0.002308777,0.005655377
28032,Date questionnaire results were received by post,6/19/2020,NA,1888,338,22,22,0.011652542,0.065088757,57905,10540,603,603,0.010413608,0.057210626,0.001238934,0.007878131,8.40E-04,0.001637677,0.005528592,0.01022767,4.85E-04,0.001314301
28032,Date questionnaire results were received by post,6/20/2020,NA,1888,338,5,5,0.002648305,0.014792899,57905,10540,258,258,0.004455574,0.024478178,-0.001807269,-0.009685279,-0.002288725,-0.001325813,-0.012288022,-0.007082536,0.001676,0.003831637
28032,Date questionnaire results were received by post,6/22/2020,NA,1888,338,7,7,0.003707627,0.020710059,57905,10540,91,91,0.00157154,0.008633776,0.002136088,0.012076283,0.001612749,0.002659427,0.009173484,0.014979082,0.00519664,0.012518188
28032,Date questionnaire results were received by post,6/23/2020,NA,1888,338,6,6,0.003177966,0.017751479,57905,10540,406,406,0.007011484,0.038519924,-0.003833518,-0.020768445,-0.004534009,-0.003133027,-0.024558393,-0.016978497,0.002264539,0.005233888
28032,Date questionnaire results were received by post,6/24/2020,NA,1888,338,10,10,0.00529661,0.029585799,57905,10540,396,396,0.006838788,0.037571157,-0.001542177,-0.007985359,-0.001986983,-0.001097372,-0.010350705,-0.005620012,9.28E-04,0.002049953
28032,Date questionnaire results were received by post,6/25/2020,NA,1888,338,5,5,0.002648305,0.014792899,57905,10540,200,200,0.003453933,0.018975332,-8.06E-04,-0.004182433,-0.001127239,-4.84E-04,-0.005897546,-0.002467319,9.60E-04,0.002126316
28032,Date questionnaire results were received by post,6/26/2020,NA,1888,338,8,8,0.004237288,0.023668639,57905,10540,209,209,0.00360936,0.019829222,6.28E-04,0.003839417,3.44E-04,9.12E-04,0.002195856,0.005482978,7.07E-04,0.001844328
28032,Date questionnaire results were received by post,6/27/2020,NA,1888,338,5,5,0.002648305,0.014792899,57905,10540,46,46,7.94E-04,0.004364326,0.0018539,0.010428573,0.001366284,0.002341517,0.007728817,0.013128329,0.00830885,0.019896513
28032,Date questionnaire results were received by post,6/29/2020,NA,NA,NA,NA,NA,NA,NA,57905,10540,11,11,1.90E-04,0.001043643,NA,NA,NA,NA,NA,NA,NA,NA
28032,Date questionnaire results were received by post,6/30/2020,NA,1888,338,21,21,0.011122881,0.062130178,57905,10540,776,776,0.013401261,0.073624288,-0.002278379,-0.011494111,-0.002818829,-0.001737929,-0.014326911,-0.008661311,6.99E-04,0.001503595
28032,Date questionnaire results were received by post,7/1/2020,NA,1888,338,28,28,0.014830508,0.082840237,57905,10540,931,931,0.016078059,0.088330171,-0.00124755,-0.005489934,-0.001647676,-8.47E-04,-0.007453641,-0.003526227,3.18E-04,5.97E-04
28032,Date questionnaire results were received by post,7/2/2020,NA,1888,338,22,22,0.011652542,0.065088757,57905,10540,483,483,0.008341249,0.045825427,0.003311294,0.01926333,0.002660091,0.003962497,0.015610492,0.022916169,0.001599607,0.003968184
28032,Date questionnaire results were received by post,7/3/2020,NA,1888,338,9,9,0.004766949,0.026627219,57905,10540,377,377,0.006510664,0.035768501,-0.001743715,-0.009141282,-0.002216645,-0.001270785,-0.011670568,-0.006611996,0.001103391,0.002467521
28032,Date questionnaire results were received by post,7/7/2020,NA,1888,338,30,30,0.015889831,0.088757396,57905,10540,891,891,0.015387272,0.084535104,5.03E-04,0.004222292,2.49E-04,7.57E-04,0.00249906,0.005945525,1.33E-04,4.78E-04
28032,Date questionnaire results were received by post,7/8/2020,NA,1888,338,26,26,0.013771186,0.076923077,57905,10540,1077,1077,0.01859943,0.102182163,-0.004828244,-0.025259086,-0.005613988,-0.004042499,-0.029429143,-0.021089029,0.001069263,0.002386225
28032,Date questionnaire results were received by post,7/9/2020,NA,1888,338,27,27,0.014300847,0.079881657,57905,10540,859,859,0.014834643,0.081499051,-5.34E-04,-0.001617394,-7.96E-04,-2.72E-04,-0.00268533,-5.49E-04,1.47E-04,1.90E-04
28032,Date questionnaire results were received by post,7/10/2020,NA,1888,338,10,10,0.00529661,0.029585799,57905,10540,504,504,0.008703912,0.047817837,-0.003407301,-0.018232038,-0.004067846,-0.002746757,-0.021787619,-0.014676457,0.001617081,0.003691267
28032,Date questionnaire results were received by post,7/11/2020,NA,1888,338,6,6,0.003177966,0.017751479,57905,10540,109,109,0.001882394,0.010341556,0.001295573,0.007409923,8.88E-04,0.001703316,0.005130734,0.009689113,0.002735878,0.006671172
28032,Date questionnaire results were received by post,7/14/2020,NA,1888,338,17,17,0.009004237,0.050295858,57905,10540,603,603,0.010413608,0.057210626,-0.001409371,-0.006914768,-0.001834621,-9.84E-04,-0.009117039,-0.004712498,5.56E-04,0.001162959
28032,Date questionnaire results were received by post,7/15/2020,NA,1888,338,24,24,0.012711864,0.071005917,57905,10540,597,597,0.010309991,0.056641366,0.002401874,0.014364551,0.001847004,0.002956743,0.011202326,0.017526776,9.45E-04,0.002410246
28032,Date questionnaire results were received by post,7/16/2020,NA,1888,338,35,35,0.018538136,0.103550296,57905,10540,621,621,0.010724462,0.058918406,0.007813673,0.04463189,0.0068156,0.008811746,0.039144111,0.050119668,0.002890243,0.007038243
28032,Date questionnaire results were received by post,7/17/2020,NA,1888,338,22,22,0.011652542,0.065088757,57905,10540,661,661,0.011415249,0.062713472,2.37E-04,0.002375285,6.27E-05,4.12E-04,0.001081596,0.003668974,8.50E-05,3.63E-04
28032,Date questionnaire results were received by post,7/20/2020,NA,NA,NA,NA,NA,NA,NA,57905,10540,7,7,1.21E-04,6.64E-04,NA,NA,NA,NA,NA,NA,NA,NA
28032,Date questionnaire results were received by post,7/21/2020,NA,1888,338,12,12,0.006355932,0.035502959,57905,10540,346,346,0.005975304,0.032827324,3.81E-04,0.002675634,1.60E-04,6.02E-04,0.001302793,0.004048475,2.60E-04,7.79E-04
28032,Date questionnaire results were received by post,7/22/2020,NA,1888,338,8,8,0.004237288,0.023668639,57905,10540,466,466,0.008047664,0.044212524,-0.003810376,-0.020543885,-0.004508758,-0.003111994,-0.02431372,-0.01677405,0.001958781,0.004505369
28032,Date questionnaire results were received by post,7/23/2020,NA,1888,338,7,7,0.003707627,0.020710059,57905,10540,227,227,0.003920214,0.021537002,-2.13E-04,-8.27E-04,-3.78E-04,-4.73E-05,-0.001590861,-6.30E-05,2.22E-04,3.69E-04
28032,Date questionnaire results were received by post,7/28/2020,NA,1888,338,22,22,0.011652542,0.065088757,57905,10540,720,720,0.012434159,0.068311195,-7.82E-04,-0.003222438,-0.001098402,-4.65E-04,-0.004728629,-0.001716247,2.58E-04,4.53E-04
28032,Date questionnaire results were received by post,7/29/2020,NA,1888,338,44,44,0.023305085,0.130177515,57905,10540,1168,1168,0.02017097,0.110815939,0.003134115,0.019361576,0.002500517,0.003767713,0.015699617,0.023023534,6.32E-04,0.001665387
28032,Date questionnaire results were received by post,7/30/2020,NA,1888,338,8,8,0.004237288,0.023668639,57905,10540,245,245,0.004231068,0.023244782,6.22E-06,4.24E-04,-2.21E-05,3.45E-05,-1.23E-04,9.71E-04,6.01E-06,1.75E-04
28032,Date questionnaire results were received by post,7/31/2020,NA,1888,338,11,11,0.005826271,0.032544379,57905,10540,432,432,0.007460496,0.040986717,-0.001634224,-0.008442339,-0.002092091,-0.001176358,-0.010873865,-0.006010812,9.01E-04,0.001986336
28032,Date questionnaire results were received by post,8/1/2020,NA,NA,NA,NA,NA,NA,NA,57905,10540,60,60,0.00103618,0.0056926,NA,NA,NA,NA,NA,NA,NA,NA
28032,Date questionnaire results were received by post,8/4/2020,NA,1888,338,25,25,0.013241525,0.073964497,57905,10540,890,890,0.015370003,0.084440228,-0.002128477,-0.010475731,-0.002650885,-0.001606069,-0.01318152,-0.007769942,5.69E-04,0.001193813
28032,Date questionnaire results were received by post,8/5/2020,NA,1888,338,24,24,0.012711864,0.071005917,57905,10540,974,974,0.016820655,0.092409867,-0.00410879,-0.02140395,-0.004833895,-0.003383685,-0.025250198,-0.017557702,0.001005788,0.002235025
28032,Date questionnaire results were received by post,8/6/2020,NA,1888,338,27,27,0.014300847,0.079881657,57905,10540,909,909,0.015698126,0.086242884,-0.001397279,-0.006361227,-0.001820703,-9.74E-04,-0.0084741,-0.004248355,3.65E-04,7.09E-04
28032,Date questionnaire results were received by post,8/7/2020,NA,1888,338,19,19,0.010063559,0.056213018,57905,10540,586,586,0.010120024,0.055597723,-5.65E-05,6.15E-04,-1.42E-04,2.87E-05,-4.37E-05,0.001274312,2.28E-05,1.06E-04
28032,Date questionnaire results were received by post,8/11/2020,NA,1888,338,16,16,0.008474576,0.047337278,57905,10540,559,559,0.009653743,0.053036053,-0.001179167,-0.005698775,-0.001568185,-7.90E-04,-0.007699274,-0.003698276,5.01E-04,0.001033504
28032,Date questionnaire results were received by post,8/12/2020,NA,1888,338,21,21,0.011122881,0.062130178,57905,10540,584,584,0.010085485,0.05540797,0.001037397,0.006722208,6.72E-04,0.001402306,0.004550608,0.008893808,4.19E-04,0.001158606
28032,Date questionnaire results were received by post,8/13/2020,NA,1888,338,33,33,0.017478814,0.097633136,57905,10540,622,622,0.010741732,0.059013283,0.006737081,0.038619853,0.005809812,0.007664351,0.033499011,0.043740696,0.002500683,0.006111826
28032,Date questionnaire results were received by post,8/14/2020,NA,1888,338,25,25,0.013241525,0.073964497,57905,10540,580,580,0.010016406,0.055028463,0.003225119,0.018936034,0.002582418,0.003867821,0.015313756,0.022558312,0.001301494,0.003258755
28032,Date questionnaire results were received by post,8/17/2020,NA,NA,NA,NA,NA,NA,NA,57905,10540,76,76,0.001312495,0.007210626,NA,NA,NA,NA,NA,NA,NA,NA
28032,Date questionnaire results were received by post,8/18/2020,NA,1888,338,11,11,0.005826271,0.032544379,57905,10540,394,394,0.006804248,0.037381404,-9.78E-04,-0.004837025,-0.001332292,-6.24E-04,-0.006680872,-0.002993179,5.90E-04,0.001245339
28032,Date questionnaire results were received by post,8/19/2020,NA,1888,338,6,6,0.003177966,0.017751479,57905,10540,458,458,0.007909507,0.04345351,-0.004731541,-0.025702031,-0.005509415,-0.003953667,-0.029907536,-0.021496526,0.002479449,0.005745969
28032,Date questionnaire results were received by post,10/7/2020,NA,1888,338,26,26,0.013771186,0.076923077,57905,10540,740,739,0.012779553,0.070113852,9.92E-04,0.006809225,6.35E-04,0.001348412,0.00462371,0.00899474,3.17E-04,9.28E-04
28032,Date questionnaire results were received by post,10/8/2020,NA,1888,338,25,25,0.013241525,0.073964497,57905,10540,609,609,0.010517226,0.057779886,0.002724299,0.016184611,0.002133455,0.003315143,0.012831125,0.019538097,0.00104967,0.002659402
28032,Date questionnaire results were received by post,10/9/2020,NA,1888,338,25,25,0.013241525,0.073964497,57905,10540,584,584,0.010085485,0.05540797,0.003156041,0.018556527,0.002520237,0.003791844,0.014970038,0.022143017,0.001265359,0.003172758
28032,Date questionnaire results were received by post,8/26/2020,NA,1888,338,33,33,0.017478814,0.097633136,57905,10540,951,950,0.016423452,0.090132827,0.001055361,0.007500309,6.87E-04,0.001423413,0.005207365,0.009793252,2.62E-04,7.96E-04
28032,Date questionnaire results were received by post,8/27/2020,NA,1888,338,13,13,0.006885593,0.038461538,57905,10540,184,184,0.003177619,0.017457306,0.003707975,0.021004233,0.003019006,0.004396944,0.017193291,0.024815175,0.004515898,0.010901705
28032,Date questionnaire results were received by post,8/28/2020,NA,1888,338,13,13,0.006885593,0.038461538,57905,10540,448,448,0.00773681,0.042504744,-8.51E-04,-0.004043205,-0.001181794,-5.21E-04,-0.005729649,-0.002356762,4.51E-04,9.15E-04
28032,Date questionnaire results were received by post,8/29/2020,NA,NA,NA,NA,NA,NA,NA,57905,10540,48,48,8.29E-04,0.00455408,NA,NA,NA,NA,NA,NA,NA,NA
28032,Date questionnaire results were received by post,9/2/2020,NA,1888,338,20,20,0.01059322,0.059171598,57905,10540,880,880,0.015197306,0.083491461,-0.004604086,-0.024319863,-0.00537146,-0.003836711,-0.028413628,-0.020226099,0.001249124,0.00281468
28032,Date questionnaire results were received by post,9/3/2020,NA,1888,338,31,31,0.016419492,0.091715976,57905,10540,1022,1022,0.017649598,0.096963947,-0.001230107,-0.005247971,-0.001627428,-8.33E-04,-0.007168149,-0.003327792,2.86E-04,5.20E-04
28032,Date questionnaire results were received by post,9/4/2020,NA,1888,338,28,28,0.014830508,0.082840237,57905,10540,961,961,0.016596149,0.091176471,-0.00176564,-0.008336234,-0.002241529,-0.001289752,-0.010752561,-0.005919907,4.36E-04,8.79E-04
28032,Date questionnaire results were received by post,9/5/2020,NA,1888,338,11,11,0.005826271,0.032544379,57905,10540,225,225,0.003885675,0.021347249,0.001940596,0.01119713,0.001441731,0.002439462,0.008400746,0.013993514,0.002003314,0.004928727
28032,Date questionnaire results were received by post,9/8/2020,NA,1888,338,14,14,0.007415254,0.041420118,57905,10540,610,610,0.010534496,0.057874763,-0.003119242,-0.016454644,-0.003751339,-0.002487144,-0.019835526,-0.013073762,0.001220667,0.002746889
28032,Date questionnaire results were received by post,9/9/2020,NA,1888,338,22,22,0.011652542,0.065088757,57905,10540,621,621,0.010724462,0.058918406,9.28E-04,0.006170351,5.83E-04,0.001273247,0.00408922,0.008251483,3.53E-04,0.001000696
28032,Date questionnaire results were received by post,9/10/2020,NA,1888,338,34,34,0.018008475,0.100591716,57905,10540,650,650,0.011225283,0.061669829,0.006783192,0.038921887,0.005852776,0.007713607,0.033781866,0.044061907,0.00241202,0.005900948
28032,Date questionnaire results were received by post,9/11/2020,NA,1888,338,25,25,0.013241525,0.073964497,57905,10540,562,562,0.009705552,0.053320683,0.003535973,0.020643814,0.002863116,0.004208831,0.016865014,0.024422614,0.001470064,0.003659921
28032,Date questionnaire results were received by post,9/14/2020,NA,NA,NA,NA,NA,NA,NA,57905,10540,7,7,1.21E-04,6.64E-04,NA,NA,NA,NA,NA,NA,NA,NA
28032,Date questionnaire results were received by post,9/15/2020,NA,1888,338,14,14,0.007415254,0.041420118,57905,10540,471,471,0.008134013,0.044686907,-7.19E-04,-0.003266789,-0.001022548,-4.15E-04,-0.004783275,-0.001750302,3.62E-04,7.02E-04
28032,Date questionnaire results were received by post,9/16/2020,NA,1888,338,8,8,0.004237288,0.023668639,57905,10540,398,398,0.006873327,0.037760911,-0.002636039,-0.014092272,-0.003217259,-0.002054819,-0.017224816,-0.010959728,0.00158399,0.00361243
28032,Date questionnaire results were received by post,9/22/2020,NA,1888,338,27,27,0.014300847,0.079881657,57905,10540,859,859,0.014834643,0.081499051,-5.34E-04,-0.001617394,-7.96E-04,-2.72E-04,-0.00268533,-5.49E-04,1.47E-04,1.90E-04
28032,Date questionnaire results were received by post,9/23/2020,NA,1888,338,43,43,0.022775424,0.127218935,57905,10540,1054,1054,0.018202228,0.1,0.004573196,0.027218935,0.003808388,0.005338004,0.022894477,0.031543393,0.001018418,0.002585016
28032,Date questionnaire results were received by post,9/24/2020,NA,1888,338,11,11,0.005826271,0.032544379,57905,10540,228,228,0.003937484,0.021631879,0.001888787,0.0109125,0.001396613,0.002380962,0.00815149,0.013673511,0.001925895,0.00474454
28032,Date questionnaire results were received by post,9/25/2020,NA,1888,338,14,14,0.007415254,0.041420118,57905,10540,433,433,0.007477765,0.041081594,-6.25E-05,3.39E-04,-1.52E-04,2.71E-05,-1.50E-04,8.27E-04,3.42E-05,7.90E-05
28032,Date questionnaire results were received by post,9/26/2020,NA,NA,NA,NA,NA,NA,NA,57905,10540,45,45,7.77E-04,0.00426945,NA,NA,NA,NA,NA,NA,NA,NA
28032,Date questionnaire results were received by post,9/29/2020,NA,1888,338,27,27,0.014300847,0.079881657,57905,10540,850,850,0.014679216,0.080645161,-3.78E-04,-7.64E-04,-5.99E-04,-1.58E-04,-0.001497559,-2.94E-05,1.05E-04,9.08E-05
28032,Date questionnaire results were received by post,9/30/2020,NA,1888,338,22,22,0.011652542,0.065088757,57905,10540,924,924,0.015957171,0.087666034,-0.004304629,-0.022577277,-0.00504674,-0.003562518,-0.026525171,-0.018629382,0.001111421,0.002486651
28032,Date questionnaire results were received by post,10/1/2020,NA,1888,338,22,22,0.011652542,0.065088757,57905,10540,742,742,0.012814092,0.070398482,-0.00116155,-0.005309725,-0.001547654,-7.75E-04,-0.007241108,-0.003378341,3.72E-04,7.25E-04
28032,Date questionnaire results were received by post,10/2/2020,NA,1888,338,13,13,0.006885593,0.038461538,57905,10540,503,503,0.008686642,0.04772296,-0.001801049,-0.009261422,-0.002281677,-0.001320421,-0.01180712,-0.006715723,8.53E-04,0.001870912
28032,Date questionnaire results were received by post,10/6/2020,NA,1888,338,17,17,0.009004237,0.050295858,57905,10540,499,499,0.008617563,0.047343454,3.87E-04,0.002952404,1.64E-04,6.10E-04,0.001510507,0.004394302,1.83E-04,5.97E-04
28032,Date questionnaire results were received by post,11/28/2020,NA,NA,NA,NA,NA,NA,NA,57905,10540,5,5,8.63E-05,4.74E-04,NA,NA,NA,NA,NA,NA,NA,NA
28032,Date questionnaire results were received by post,10/13/2020,NA,1888,338,14,14,0.007415254,0.041420118,57905,10540,365,365,0.006303428,0.034629981,0.001111826,0.006790137,7.34E-04,0.001489585,0.004607667,0.008972608,7.17E-04,0.001867522
28032,Date questionnaire results were received by post,10/14/2020,NA,1888,338,8,8,0.004237288,0.023668639,57905,10540,431,431,0.007443226,0.040891841,-0.003205938,-0.017223202,-0.003846731,-0.002565144,-0.020680787,-0.013765616,0.001780547,0.004080716
28032,Date questionnaire results were received by post,10/16/2020,NA,1888,338,6,6,0.003177966,0.017751479,57905,10540,155,155,0.002676798,0.014705882,5.01E-04,0.003045597,2.47E-04,7.55E-04,0.001581188,0.004510006,7.61E-04,0.001971716
28032,Date questionnaire results were received by post,10/17/2020,NA,NA,NA,NA,NA,NA,NA,57905,10540,35,35,6.04E-04,0.003320683,NA,NA,NA,NA,NA,NA,NA,NA
28032,Date questionnaire results were received by post,10/20/2020,NA,1888,338,26,26,0.013771186,0.076923077,57905,10540,807,807,0.01393662,0.076565465,-1.65E-04,3.58E-04,-3.11E-04,-1.96E-05,-1.45E-04,8.60E-04,4.86E-05,4.48E-05
28032,Date questionnaire results were received by post,10/21/2020,NA,1888,338,34,34,0.018008475,0.100591716,57905,10540,966,966,0.016682497,0.091650854,0.001325977,0.008940862,9.13E-04,0.001738472,0.006439203,0.011442521,3.24E-04,9.32E-04
28032,Date questionnaire results were received by post,10/22/2020,NA,1888,338,15,15,0.007944915,0.044378698,57905,10540,216,216,0.003730248,0.020493359,0.004214667,0.02388534,0.003480319,0.004949016,0.019827408,0.027943271,0.004382422,0.010584656
28032,Date questionnaire results were received by post,10/23/2020,NA,1888,338,17,17,0.009004237,0.050295858,57905,10540,444,444,0.007667732,0.042125237,0.001336506,0.008170621,9.22E-04,0.001750632,0.005778217,0.010563025,7.09E-04,0.001847506
28032,Date questionnaire results were received by post,10/26/2020,NA,NA,NA,NA,NA,NA,NA,57905,10540,6,6,1.04E-04,5.69E-04,NA,NA,NA,NA,NA,NA,NA,NA
28032,Date questionnaire results were received by post,10/27/2020,NA,1888,338,27,27,0.014300847,0.079881657,57905,10540,846,846,0.014610137,0.080265655,-3.09E-04,-3.84E-04,-5.09E-04,-1.10E-04,-9.05E-04,1.37E-04,8.66E-05,4.59E-05
28032,Date questionnaire results were received by post,10/28/2020,NA,1888,338,25,25,0.013241525,0.073964497,57905,10540,978,978,0.016889733,0.092789374,-0.003648208,-0.018824877,-0.004331622,-0.002964793,-0.022436712,-0.015213042,8.89E-04,0.001956291
28032,Date questionnaire results were received by post,10/29/2020,NA,1888,338,17,17,0.009004237,0.050295858,57905,10540,736,736,0.012710474,0.069829222,-0.003706237,-0.019533364,-0.004395045,-0.003017429,-0.02321121,-0.015855518,0.001201957,0.002702319
28032,Date questionnaire results were received by post,10/30/2020,NA,1888,338,17,17,0.009004237,0.050295858,57905,10540,492,492,0.008496676,0.046679317,5.08E-04,0.003616541,2.52E-04,7.63E-04,0.002021218,0.005211864,2.44E-04,7.41E-04
28032,Date questionnaire results were received by post,11/2/2020,NA,NA,NA,NA,NA,NA,NA,57905,10540,16,16,2.76E-04,0.001518027,NA,NA,NA,NA,NA,NA,NA,NA
28032,Date questionnaire results were received by post,11/3/2020,NA,1888,338,10,10,0.00529661,0.029585799,57905,10540,453,453,0.007823159,0.042979127,-0.002526548,-0.013393328,-0.003095601,-0.001957496,-0.016448283,-0.010338373,0.00133219,0.00301256
28032,Date questionnaire results were received by post,11/4/2020,NA,1888,338,13,13,0.006885593,0.038461538,57905,10540,559,559,0.009653743,0.053036053,-0.00276815,-0.014574515,-0.003363717,-0.002172583,-0.017759427,-0.011389602,0.001181853,0.002654428
28032,Date questionnaire results were received by post,11/5/2020,NA,1888,338,23,23,0.012182203,0.068047337,57905,10540,580,580,0.010016406,0.055028463,0.002165797,0.013018874,0.001638839,0.002692755,0.010006356,0.016031393,8.78E-04,0.002249937
28032,Date questionnaire results were received by post,11/6/2020,NA,1888,338,31,31,0.016419492,0.091715976,57905,10540,618,618,0.010672653,0.058633776,0.005746838,0.0330822,0.004889996,0.00660368,0.028329061,0.037835339,0.002156036,0.005292043
28032,Date questionnaire results were received by post,11/9/2020,NA,NA,NA,NA,NA,NA,NA,57905,10540,18,18,3.11E-04,0.00170778,NA,NA,NA,NA,NA,NA,NA,NA
28032,Date questionnaire results were received by post,11/10/2020,NA,1888,338,10,10,0.00529661,0.029585799,57905,10540,295,295,0.005094551,0.027988615,2.02E-04,0.001597184,4.09E-05,3.63E-04,5.36E-04,0.002658437,1.62E-04,5.46E-04
28032,Date questionnaire results were received by post,11/11/2020,NA,1888,338,10,10,0.00529661,0.029585799,57905,10540,465,465,0.008030395,0.044117647,-0.002733784,-0.014531848,-0.003325653,-0.002141915,-0.017712164,-0.011351532,0.001404788,0.00318551
28032,Date questionnaire results were received by post,11/13/2020,NA,1888,338,5,5,0.002648305,0.014792899,57905,10540,146,146,0.002521371,0.013851992,1.27E-04,9.41E-04,-7.69E-07,2.55E-04,1.26E-04,0.001755719,2.06E-04,6.50E-04
28032,Date questionnaire results were received by post,11/17/2020,NA,1888,338,24,24,0.012711864,0.071005917,57905,10540,812,812,0.014022969,0.077039848,-0.001311104,-0.006033931,-0.001721282,-9.01E-04,-0.008092069,-0.003975793,3.83E-04,7.53E-04
28032,Date questionnaire results were received by post,11/18/2020,NA,1888,338,42,42,0.022245763,0.124260355,57905,10540,973,973,0.016803385,0.092314991,0.005442378,0.031945365,0.004608414,0.006276342,0.027271863,0.036618866,0.001309081,0.003276811
28032,Date questionnaire results were received by post,11/19/2020,NA,1888,338,12,12,0.006355932,0.035502959,57905,10540,196,196,0.003384855,0.018595825,0.002971078,0.016907133,0.002354129,0.003588026,0.013480869,0.020333397,0.003454502,0.008379713
28032,Date questionnaire results were received by post,11/20/2020,NA,1888,338,11,11,0.005826271,0.032544379,57905,10540,444,444,0.007667732,0.042125237,-0.00184146,-0.009580858,-0.002327441,-0.00135548,-0.012169669,-0.006992048,9.89E-04,0.002194446
28032,Date questionnaire results were received by post,12/4/2020,NA,NA,NA,NA,NA,NA,NA,57905,10540,19,19,3.28E-04,0.001802657,NA,NA,NA,NA,NA,NA,NA,NA
28033,Date questionnaire results were received by website,11/19/2020,NA,NA,NA,NA,NA,NA,NA,837,644,26,26,0.031063321,0.040372671,NA,NA,NA,NA,NA,NA,NA,NA
28033,Date questionnaire results were received by website,11/23/2020,NA,NA,NA,NA,NA,NA,NA,837,644,14,14,0.016726404,0.02173913,NA,NA,NA,NA,NA,NA,NA,NA
28033,Date questionnaire results were received by website,9/28/2020,NA,NA,NA,NA,NA,NA,NA,837,644,23,23,0.027479092,0.035714286,NA,NA,NA,NA,NA,NA,NA,NA
28033,Date questionnaire results were received by website,9/29/2020,NA,NA,NA,NA,NA,NA,NA,837,644,17,17,0.020310633,0.026397516,NA,NA,NA,NA,NA,NA,NA,NA
28033,Date questionnaire results were received by website,9/30/2020,NA,NA,NA,NA,NA,NA,NA,837,644,15,15,0.017921147,0.023291925,NA,NA,NA,NA,NA,NA,NA,NA
28033,Date questionnaire results were received by website,10/1/2020,NA,NA,NA,NA,NA,NA,NA,837,644,7,7,0.008363202,0.010869565,NA,NA,NA,NA,NA,NA,NA,NA
28033,Date questionnaire results were received by website,10/5/2020,NA,NA,NA,NA,NA,NA,NA,837,644,36,36,0.043010753,0.055900621,NA,NA,NA,NA,NA,NA,NA,NA
28033,Date questionnaire results were received by website,10/6/2020,NA,NA,NA,NA,NA,NA,NA,837,644,19,19,0.022700119,0.029503106,NA,NA,NA,NA,NA,NA,NA,NA
28033,Date questionnaire results were received by website,10/7/2020,NA,NA,NA,NA,NA,NA,NA,837,644,26,26,0.031063321,0.040372671,NA,NA,NA,NA,NA,NA,NA,NA
28033,Date questionnaire results were received by website,10/12/2020,NA,NA,NA,NA,NA,NA,NA,837,644,26,26,0.031063321,0.040372671,NA,NA,NA,NA,NA,NA,NA,NA
28033,Date questionnaire results were received by website,10/13/2020,NA,NA,NA,NA,NA,NA,NA,837,644,18,18,0.021505376,0.027950311,NA,NA,NA,NA,NA,NA,NA,NA
28033,Date questionnaire results were received by website,10/14/2020,NA,NA,NA,NA,NA,NA,NA,837,644,9,9,0.010752688,0.013975155,NA,NA,NA,NA,NA,NA,NA,NA
28033,Date questionnaire results were received by website,10/21/2020,NA,NA,NA,NA,NA,NA,NA,837,644,6,6,0.007168459,0.00931677,NA,NA,NA,NA,NA,NA,NA,NA
28033,Date questionnaire results were received by website,10/22/2020,NA,NA,NA,NA,NA,NA,NA,837,644,26,26,0.031063321,0.040372671,NA,NA,NA,NA,NA,NA,NA,NA
28033,Date questionnaire results were received by website,10/26/2020,NA,NA,NA,NA,NA,NA,NA,837,644,45,45,0.053763441,0.069875776,NA,NA,NA,NA,NA,NA,NA,NA
28033,Date questionnaire results were received by website,11/9/2020,NA,NA,NA,NA,NA,NA,NA,837,644,21,21,0.025089606,0.032608696,NA,NA,NA,NA,NA,NA,NA,NA
28033,Date questionnaire results were received by website,11/11/2020,NA,NA,NA,NA,NA,NA,NA,837,644,9,9,0.010752688,0.013975155,NA,NA,NA,NA,NA,NA,NA,NA
28033,Date questionnaire results were received by website,11/12/2020,NA,NA,NA,NA,NA,NA,NA,837,644,6,6,0.007168459,0.00931677,NA,NA,NA,NA,NA,NA,NA,NA
28147,COVID-19 symptoms: Fever 38 degrees C or greater,-121,Do not remember,266,266,8,8,0.030075188,0.030075188,8179,8179,35,35,0.004279252,0.004279252,0.025795936,0.025795936,0.021014439,0.030577433,0.021014439,0.030577433,0.041286695,0.041286695
28147,COVID-19 symptoms: Fever 38 degrees C or greater,0,No,266,266,217,217,0.815789474,0.815789474,8179,8179,7882,7882,0.963687492,0.963687492,-0.147898019,-0.147898019,-0.158605572,-0.137190466,-0.158605572,-0.137190466,0.001677542,0.001677542
28147,COVID-19 symptoms: Fever 38 degrees C or greater,1,Yes,266,266,41,41,0.154135338,0.154135338,8179,8179,262,262,0.032033256,0.032033256,0.122102082,0.122102082,0.112226862,0.131977303,0.112226862,0.131977303,0.031833423,0.031833423
28148,COVID-19 symptoms: Wheezing,-121,Do not remember,NA,NA,NA,NA,NA,NA,8179,8179,27,27,0.003301137,0.003301137,NA,NA,NA,NA,NA,NA,NA,NA
28148,COVID-19 symptoms: Wheezing,0,No,266,266,225,225,0.845864662,0.845864662,8179,8179,7718,7718,0.943636141,0.943636141,-0.09777148,-0.09777148,-0.106729822,-0.088813138,-0.106729822,-0.088813138,0.001130982,0.001130982
28148,COVID-19 symptoms: Wheezing,1,Yes,266,266,41,41,0.154135338,0.154135338,8179,8179,434,434,0.053062722,0.053062722,0.101072617,0.101072617,0.091980975,0.110164259,0.091980975,0.110164259,0.01865686,0.01865686
28149,COVID-19 symptoms: Chills,0,No,266,266,194,194,0.729323308,0.729323308,8179,8179,7426,7426,0.907934955,0.907934955,-0.178611647,-0.178611647,-0.190164584,-0.16705871,-0.190164584,-0.16705871,0.002152758,0.002152758
28149,COVID-19 symptoms: Chills,1,Yes,266,266,69,69,0.259398496,0.259398496,8179,8179,714,714,0.087296736,0.087296736,0.172101761,0.172101761,0.160716463,0.183487059,0.160716463,0.183487059,0.019214157,0.019214157
28150,COVID-19 symptoms: Chest pain,-121,Do not remember,NA,NA,NA,NA,NA,NA,8179,8179,28,28,0.003423401,0.003423401,NA,NA,NA,NA,NA,NA,NA,NA
28150,COVID-19 symptoms: Chest pain,0,No,266,266,230,230,0.864661654,0.864661654,8179,8179,7845,7845,0.959163712,0.959163712,-0.094502058,-0.094502058,-0.103325288,-0.085678827,-0.103325288,-0.085678827,0.00107531,0.00107531
28150,COVID-19 symptoms: Chest pain,1,Yes,266,266,36,36,0.135338346,0.135338346,8179,8179,306,306,0.037412887,0.037412887,0.097925459,0.097925459,0.088960831,0.106890087,0.088960831,0.106890087,0.024239774,0.024239774
28151,COVID-19 symptoms: Feeling more tired than usual,0,No,266,266,118,118,0.443609023,0.443609023,8179,8179,6016,6016,0.735542242,0.735542242,-0.29193322,-0.29193322,-0.305646525,-0.278219915,-0.305646525,-0.278219915,0.004362868,0.004362868
28151,COVID-19 symptoms: Feeling more tired than usual,1,Yes,266,266,146,146,0.54887218,0.54887218,8179,8179,2112,2112,0.258222277,0.258222277,0.290649904,0.290649904,0.276954379,0.304345428,0.276954379,0.304345428,0.011621341,0.011621341
28152,COVID-19 symptoms: Headache,0,No,266,266,156,156,0.586466165,0.586466165,8179,8179,6288,6288,0.768798142,0.768798142,-0.182331976,-0.182331976,-0.193978148,-0.170685804,-0.193978148,-0.170685804,0.002597941,0.002597941
28152,COVID-19 symptoms: Headache,1,Yes,266,266,107,107,0.402255639,0.402255639,8179,8179,1851,1851,0.226311285,0.226311285,0.175944354,0.175944354,0.164459402,0.187429306,0.164459402,0.187429306,0.008186172,0.008186172
28153,COVID-19 symptoms: Muscle ache,0,No,266,266,151,151,0.567669173,0.567669173,8179,8179,6683,6683,0.817092554,0.817092554,-0.249423381,-0.249423381,-0.262473948,-0.236372815,-0.262473948,-0.236372815,0.003349142,0.003349142
28153,COVID-19 symptoms: Muscle ache,1,Yes,266,266,113,113,0.42481203,0.42481203,8179,8179,1455,1455,0.177894608,0.177894608,0.246917422,0.246917422,0.233910922,0.259923921,0.233910922,0.259923921,0.014095986,0.014095986
28154,COVID-19 symptoms: Nausea/vomiting,-121,Do not remember,NA,NA,NA,NA,NA,NA,8179,8179,20,20,0.002445287,0.002445287,NA,NA,NA,NA,NA,NA,NA,NA
28154,COVID-19 symptoms: Nausea/vomiting,0,No,266,266,242,242,0.909774436,0.909774436,8179,8179,7806,7806,0.954395403,0.954395403,-0.044620967,-0.044620967,-0.050848565,-0.038393368,-0.050848565,-0.038393368,5.09E-04,5.09E-04
28154,COVID-19 symptoms: Nausea/vomiting,1,Yes,266,266,24,24,0.090225564,0.090225564,8179,8179,353,353,0.04315931,0.04315931,0.047066253,0.047066253,0.040678481,0.053454026,0.040678481,0.053454026,0.01128306,0.01128306
28155,COVID-19 symptoms: Sore throat,0,No,266,266,187,187,0.703007519,0.703007519,8179,8179,6500,6500,0.794718181,0.794718181,-0.091710662,-0.091710662,-0.100415993,-0.083005331,-0.100415993,-0.083005331,0.001260084,0.001260084
28155,COVID-19 symptoms: Sore throat,1,Yes,266,266,77,77,0.289473684,0.289473684,8179,8179,1640,1640,0.20051351,0.20051351,0.088960174,0.088960174,0.080373405,0.097546943,0.080373405,0.097546943,0.004747453,0.004747453
28156,COVID-19 symptoms: Abdominal pain,0,No,266,266,240,240,0.902255639,0.902255639,8179,8179,7676,7676,0.938501039,0.938501039,-0.0362454,-0.0362454,-0.041882723,-0.030608077,-0.041882723,-0.030608077,4.21E-04,4.21E-04
28156,COVID-19 symptoms: Abdominal pain,1,Yes,266,266,24,24,0.090225564,0.090225564,8179,8179,471,471,0.057586502,0.057586502,0.032639062,0.032639062,0.027279536,0.037998588,0.027279536,0.037998588,0.006030981,0.006030981
28157,COVID-19 symptoms: Persistent dry cough,0,No,266,266,215,215,0.808270677,0.808270677,8179,8179,7424,7424,0.907690427,0.907690427,-0.09941975,-0.09941975,-0.108445033,-0.090394468,-0.108445033,-0.090394468,0.001195793,0.001195793
28157,COVID-19 symptoms: Persistent dry cough,1,Yes,266,266,49,49,0.184210526,0.184210526,8179,8179,724,724,0.088519379,0.088519379,0.095691147,0.095691147,0.086818412,0.104563883,0.086818412,0.104563883,0.01119104,0.01119104
28158,COVID-19 symptoms: Diarrhoea,0,No,266,266,226,226,0.84962406,0.84962406,8179,8179,7422,7422,0.907445898,0.907445898,-0.057821838,-0.057821838,-0.064861888,-0.050781788,-0.064861888,-0.050781788,6.95E-04,6.95E-04
28158,COVID-19 symptoms: Diarrhoea,1,Yes,266,266,38,38,0.142857143,0.142857143,8179,8179,725,725,0.088641643,0.088641643,0.0542155,0.0542155,0.047385494,0.061045506,0.047385494,0.061045506,0.006494213,0.006494213
28159,COVID-19 symptoms: Runny nose,0,No,266,266,183,183,0.687969925,0.687969925,8179,8179,5660,5660,0.692016139,0.692016139,-0.004046214,-0.004046214,-0.005960943,-0.002131485,-0.005960943,-0.002131485,6.36E-05,6.36E-05
28159,COVID-19 symptoms: Runny nose,1,Yes,266,266,79,79,0.296992481,0.296992481,8179,8179,2470,2470,0.301992909,0.301992909,-0.005000427,-0.005000427,-0.00712797,-0.002872885,-0.00712797,-0.002872885,1.80E-04,1.80E-04
28160,COVID-19 symptoms: Loss of sense of small and taste,0,No,266,266,199,199,0.748120301,0.748120301,8179,8179,7767,7767,0.949627094,0.949627094,-0.201506793,-0.201506793,-0.213605633,-0.189407953,-0.213605633,-0.189407953,0.002322989,0.002322989
28160,COVID-19 symptoms: Loss of sense of small and taste,1,Yes,266,266,63,63,0.236842105,0.236842105,8179,8179,385,385,0.047071769,0.047071769,0.189770336,0.189770336,0.177943148,0.201597524,0.177943148,0.201597524,0.033012932,0.033012932
28161,COVID-19 symptoms: Shortness of breath,0,No,266,266,190,190,0.714285714,0.714285714,8179,8179,7475,7475,0.913925908,0.913925908,-0.199640194,-0.199640194,-0.211696933,-0.187583454,-0.211696933,-0.187583454,0.002391748,0.002391748
28161,COVID-19 symptoms: Shortness of breath,1,Yes,266,266,74,74,0.278195489,0.278195489,8179,8179,682,682,0.083384277,0.083384277,0.194811212,0.194811212,0.182865306,0.206757118,0.182865306,0.206757118,0.022135559,0.022135559
28162,COVID-19 symptoms: Productive long-term cough ('wet' or chesty),-121,Do not remember,NA,NA,NA,NA,NA,NA,8179,8179,28,28,0.003423401,0.003423401,NA,NA,NA,NA,NA,NA,NA,NA
28162,COVID-19 symptoms: Productive long-term cough ('wet' or chesty),0,No,266,266,232,232,0.872180451,0.872180451,8179,8179,7503,7503,0.917349309,0.917349309,-0.045168858,-0.045168858,-0.051432777,-0.038904939,-0.051432777,-0.038904939,5.37E-04,5.37E-04
28162,COVID-19 symptoms: Productive long-term cough ('wet' or chesty),1,Yes,266,266,34,34,0.127819549,0.127819549,8179,8179,648,648,0.079227289,0.079227289,0.048592259,0.048592259,0.042106958,0.055077561,0.042106958,0.055077561,0.006511745,0.006511745
28163,COVID-19 symptoms requiring medical attention,0,No,266,266,161,161,0.605263158,0.605263158,8179,8179,6908,6908,0.84460203,0.84460203,-0.239338872,-0.239338872,-0.252208485,-0.226469259,-0.252208485,-0.226469259,0.003107522,0.003107522
28163,COVID-19 symptoms requiring medical attention,1,Yes,266,266,105,105,0.394736842,0.394736842,8179,8179,1271,1271,0.15539797,0.15539797,0.239338872,0.239338872,0.226469259,0.252208485,0.226469259,0.252208485,0.015482899,0.015482899
28164,COVID-19 symptoms requiring self-isolation,0,No,266,266,181,181,0.680451128,0.680451128,8179,8179,7566,7566,0.925051962,0.925051962,-0.244600835,-0.244600835,-0.257566072,-0.231635597,-0.257566072,-0.231635597,0.00289837,0.00289837
28164,COVID-19 symptoms requiring self-isolation,1,Yes,266,266,85,85,0.319548872,0.319548872,8179,8179,613,613,0.074948038,0.074948038,0.244600835,0.244600835,0.231635597,0.257566072,0.231635597,0.257566072,0.028607834,0.028607834
28165,COVID-19 symptoms requiring hospitalisation,0,No,266,266,258,258,0.969924812,0.969924812,8179,8179,8144,8144,0.995720748,0.995720748,-0.025795936,-0.025795936,-0.030577433,-0.021014439,-0.030577433,-0.021014439,2.82E-04,2.82E-04
28165,COVID-19 symptoms requiring hospitalisation,1,Yes,266,266,8,8,0.030075188,0.030075188,8179,8179,35,35,0.004279252,0.004279252,0.025795936,0.025795936,0.021014439,0.030577433,0.021014439,0.030577433,0.041286695,0.041286695
28166,Self-reported date of a positive COVID-19 test result,12/15/2020,NA,202,202,5,5,0.024752475,0.024752475,NA,NA,NA,NA,NA,NA,NA,NA,NA,NA,NA,NA,NA,NA
28166,Self-reported date of a positive COVID-19 test result,12/23/2020,NA,202,202,5,5,0.024752475,0.024752475,NA,NA,NA,NA,NA,NA,NA,NA,NA,NA,NA,NA,NA,NA
28166,Self-reported date of a positive COVID-19 test result,12/25/2020,NA,202,202,5,5,0.024752475,0.024752475,NA,NA,NA,NA,NA,NA,NA,NA,NA,NA,NA,NA,NA,NA
28166,Self-reported date of a positive COVID-19 test result,12/28/2020,NA,202,202,5,5,0.024752475,0.024752475,NA,NA,NA,NA,NA,NA,NA,NA,NA,NA,NA,NA,NA,NA
28166,Self-reported date of a positive COVID-19 test result,12/31/2020,NA,202,202,8,8,0.03960396,0.03960396,NA,NA,NA,NA,NA,NA,NA,NA,NA,NA,NA,NA,NA,NA
28166,Self-reported date of a positive COVID-19 test result,1/4/2021,NA,NA,NA,NA,NA,NA,NA,578,578,6,6,0.010380623,0.010380623,NA,NA,NA,NA,NA,NA,NA,NA
28166,Self-reported date of a positive COVID-19 test result,1/10/2021,NA,NA,NA,NA,NA,NA,NA,578,578,6,6,0.010380623,0.010380623,NA,NA,NA,NA,NA,NA,NA,NA
28166,Self-reported date of a positive COVID-19 test result,7/24/2021,NA,NA,NA,NA,NA,NA,NA,578,578,5,5,0.008650519,0.008650519,NA,NA,NA,NA,NA,NA,NA,NA
28166,Self-reported date of a positive COVID-19 test result,8/26/2021,NA,NA,NA,NA,NA,NA,NA,578,578,5,5,0.008650519,0.008650519,NA,NA,NA,NA,NA,NA,NA,NA
28166,Self-reported date of a positive COVID-19 test result,8/27/2021,NA,NA,NA,NA,NA,NA,NA,578,578,5,5,0.008650519,0.008650519,NA,NA,NA,NA,NA,NA,NA,NA
28166,Self-reported date of a positive COVID-19 test result,8/30/2021,NA,NA,NA,NA,NA,NA,NA,578,578,5,5,0.008650519,0.008650519,NA,NA,NA,NA,NA,NA,NA,NA
28166,Self-reported date of a positive COVID-19 test result,9/11/2021,NA,NA,NA,NA,NA,NA,NA,578,578,5,5,0.008650519,0.008650519,NA,NA,NA,NA,NA,NA,NA,NA
28166,Self-reported date of a positive COVID-19 test result,9/15/2021,NA,NA,NA,NA,NA,NA,NA,578,578,5,5,0.008650519,0.008650519,NA,NA,NA,NA,NA,NA,NA,NA
28166,Self-reported date of a positive COVID-19 test result,9/17/2021,NA,NA,NA,NA,NA,NA,NA,578,578,5,5,0.008650519,0.008650519,NA,NA,NA,NA,NA,NA,NA,NA
28166,Self-reported date of a positive COVID-19 test result,10/10/2021,NA,NA,NA,NA,NA,NA,NA,578,578,7,7,0.012110727,0.012110727,NA,NA,NA,NA,NA,NA,NA,NA
28166,Self-reported date of a positive COVID-19 test result,10/17/2021,NA,NA,NA,NA,NA,NA,NA,578,578,10,10,0.017301038,0.017301038,NA,NA,NA,NA,NA,NA,NA,NA
28166,Self-reported date of a positive COVID-19 test result,10/20/2021,NA,NA,NA,NA,NA,NA,NA,578,578,6,6,0.010380623,0.010380623,NA,NA,NA,NA,NA,NA,NA,NA
28166,Self-reported date of a positive COVID-19 test result,10/21/2021,NA,NA,NA,NA,NA,NA,NA,578,578,6,6,0.010380623,0.010380623,NA,NA,NA,NA,NA,NA,NA,NA
28166,Self-reported date of a positive COVID-19 test result,10/28/2021,NA,NA,NA,NA,NA,NA,NA,578,578,5,5,0.008650519,0.008650519,NA,NA,NA,NA,NA,NA,NA,NA
28166,Self-reported date of a positive COVID-19 test result,11/1/2021,NA,NA,NA,NA,NA,NA,NA,578,578,10,10,0.017301038,0.017301038,NA,NA,NA,NA,NA,NA,NA,NA
28166,Self-reported date of a positive COVID-19 test result,11/3/2021,NA,NA,NA,NA,NA,NA,NA,578,578,5,5,0.008650519,0.008650519,NA,NA,NA,NA,NA,NA,NA,NA
28166,Self-reported date of a positive COVID-19 test result,11/10/2021,NA,NA,NA,NA,NA,NA,NA,578,578,5,5,0.008650519,0.008650519,NA,NA,NA,NA,NA,NA,NA,NA
28166,Self-reported date of a positive COVID-19 test result,11/19/2021,NA,NA,NA,NA,NA,NA,NA,578,578,5,5,0.008650519,0.008650519,NA,NA,NA,NA,NA,NA,NA,NA
28166,Self-reported date of a positive COVID-19 test result,11/24/2021,NA,NA,NA,NA,NA,NA,NA,578,578,5,5,0.008650519,0.008650519,NA,NA,NA,NA,NA,NA,NA,NA
28166,Self-reported date of a positive COVID-19 test result,12/7/2021,NA,NA,NA,NA,NA,NA,NA,578,578,5,5,0.008650519,0.008650519,NA,NA,NA,NA,NA,NA,NA,NA
28166,Self-reported date of a positive COVID-19 test result,12/9/2021,NA,NA,NA,NA,NA,NA,NA,578,578,5,5,0.008650519,0.008650519,NA,NA,NA,NA,NA,NA,NA,NA
28166,Self-reported date of a positive COVID-19 test result,12/12/2021,NA,NA,NA,NA,NA,NA,NA,578,578,6,6,0.010380623,0.010380623,NA,NA,NA,NA,NA,NA,NA,NA
28166,Self-reported date of a positive COVID-19 test result,12/13/2021,NA,NA,NA,NA,NA,NA,NA,578,578,5,5,0.008650519,0.008650519,NA,NA,NA,NA,NA,NA,NA,NA
28166,Self-reported date of a positive COVID-19 test result,12/28/2021,NA,NA,NA,NA,NA,NA,NA,578,578,7,7,0.012110727,0.012110727,NA,NA,NA,NA,NA,NA,NA,NA
28166,Self-reported date of a positive COVID-19 test result,12/31/2021,NA,NA,NA,NA,NA,NA,NA,578,578,7,7,0.012110727,0.012110727,NA,NA,NA,NA,NA,NA,NA,NA
28167,Date online questionnaire completed,11/24/2021,NA,NA,NA,NA,NA,NA,NA,8179,8179,14,14,0.001711701,0.001711701,NA,NA,NA,NA,NA,NA,NA,NA
28167,Date online questionnaire completed,11/27/2021,NA,NA,NA,NA,NA,NA,NA,8179,8179,6,6,7.34E-04,7.34E-04,NA,NA,NA,NA,NA,NA,NA,NA
28167,Date online questionnaire completed,11/29/2021,NA,266,266,17,17,0.063909774,0.063909774,8179,8179,425,425,0.051962343,0.051962343,0.011947432,0.011947432,0.008670325,0.015224538,0.008670325,0.015224538,0.002482031,0.002482031
28167,Date online questionnaire completed,11/30/2021,NA,266,266,10,10,0.037593985,0.037593985,8179,8179,403,403,0.049272527,0.049272527,-0.011678542,-0.011678542,-0.014919002,-0.008438082,-0.014919002,-0.008438082,0.002596337,0.002596337
28167,Date online questionnaire completed,12/1/2021,NA,266,266,5,5,0.018796992,0.018796992,8179,8179,267,267,0.032644578,0.032644578,-0.013847585,-0.013847585,-0.017372286,-0.010322884,-0.017372286,-0.010322884,0.004665347,0.004665347
28167,Date online questionnaire completed,12/2/2021,NA,NA,NA,NA,NA,NA,NA,8179,8179,106,106,0.01296002,0.01296002,NA,NA,NA,NA,NA,NA,NA,NA
28167,Date online questionnaire completed,12/5/2021,NA,NA,NA,NA,NA,NA,NA,8179,8179,15,15,0.001833965,0.001833965,NA,NA,NA,NA,NA,NA,NA,NA
28167,Date online questionnaire completed,12/6/2021,NA,NA,NA,NA,NA,NA,NA,8179,8179,128,128,0.015649835,0.015649835,NA,NA,NA,NA,NA,NA,NA,NA
28167,Date online questionnaire completed,12/8/2021,NA,266,266,8,8,0.030075188,0.030075188,8179,8179,161,161,0.019684558,0.019684558,0.01039063,0.01039063,0.007332076,0.013449184,0.007332076,0.013449184,0.005626994,0.005626994
28167,Date online questionnaire completed,12/9/2021,NA,266,266,13,13,0.04887218,0.04887218,8179,8179,353,353,0.04315931,0.04315931,0.00571287,0.00571287,0.003439625,0.007986116,0.003439625,0.007986116,0.001434029,0.001434029
28167,Date online questionnaire completed,12/10/2021,NA,266,266,5,5,0.018796992,0.018796992,8179,8179,360,360,0.044015161,0.044015161,-0.025218168,-0.025218168,-0.029947217,-0.02048912,-0.029947217,-0.02048912,0.006316507,0.006316507
28167,Date online questionnaire completed,12/11/2021,NA,NA,NA,NA,NA,NA,NA,8179,8179,66,66,0.008069446,0.008069446,NA,NA,NA,NA,NA,NA,NA,NA
28167,Date online questionnaire completed,12/13/2021,NA,266,266,23,23,0.086466165,0.086466165,8179,8179,639,639,0.07812691,0.07812691,0.008339255,0.008339255,0.005596365,0.011082145,0.005596365,0.011082145,0.001157428,0.001157428
28167,Date online questionnaire completed,12/15/2021,NA,266,266,42,42,0.157894737,0.157894737,8179,8179,1243,1243,0.151974569,0.151974569,0.005920168,0.005920168,0.003606287,0.008234048,0.003606287,0.008234048,4.23E-04,4.23E-04
28167,Date online questionnaire completed,12/16/2021,NA,266,266,36,36,0.135338346,0.135338346,8179,8179,1253,1253,0.153197212,0.153197212,-0.017858867,-0.017858867,-0.021853502,-0.013864231,-0.021853502,-0.013864231,0.001272946,0.001272946
28167,Date online questionnaire completed,12/17/2021,NA,266,266,13,13,0.04887218,0.04887218,8179,8179,293,293,0.03582345,0.03582345,0.01304873,0.01304873,0.009625822,0.016471638,0.009625822,0.016471638,0.003911013,0.003911013
28167,Date online questionnaire completed,12/18/2021,NA,NA,NA,NA,NA,NA,NA,8179,8179,101,101,0.012348698,0.012348698,NA,NA,NA,NA,NA,NA,NA,NA
28167,Date online questionnaire completed,12/23/2021,NA,NA,NA,NA,NA,NA,NA,8179,8179,17,17,0.002078494,0.002078494,NA,NA,NA,NA,NA,NA,NA,NA
28167,Date online questionnaire completed,12/27/2021,NA,NA,NA,NA,NA,NA,NA,8179,8179,7,7,8.56E-04,8.56E-04,NA,NA,NA,NA,NA,NA,NA,NA
28167,Date online questionnaire completed,12/28/2021,NA,NA,NA,NA,NA,NA,NA,8179,8179,17,17,0.002078494,0.002078494,NA,NA,NA,NA,NA,NA,NA,NA
28167,Date online questionnaire completed,12/29/2021,NA,NA,NA,NA,NA,NA,NA,8179,8179,9,9,0.001100379,0.001100379,NA,NA,NA,NA,NA,NA,NA,NA
28167,Date online questionnaire completed,12/30/2021,NA,NA,NA,NA,NA,NA,NA,8179,8179,10,10,0.001222643,0.001222643,NA,NA,NA,NA,NA,NA,NA,NA
28167,Date online questionnaire completed,1/2/2022,NA,NA,NA,NA,NA,NA,NA,8179,8179,7,7,8.56E-04,8.56E-04,NA,NA,NA,NA,NA,NA,NA,NA
28167,Date online questionnaire completed,1/4/2022,NA,NA,NA,NA,NA,NA,NA,8179,8179,8,8,9.78E-04,9.78E-04,NA,NA,NA,NA,NA,NA,NA,NA
28167,Date online questionnaire completed,1/5/2022,NA,NA,NA,NA,NA,NA,NA,8179,8179,6,6,7.34E-04,7.34E-04,NA,NA,NA,NA,NA,NA,NA,NA
28167,Date online questionnaire completed,1/6/2022,NA,NA,NA,NA,NA,NA,NA,8179,8179,8,8,9.78E-04,9.78E-04,NA,NA,NA,NA,NA,NA,NA,NA
28167,Date online questionnaire completed,1/7/2022,NA,266,266,9,9,0.033834586,0.033834586,8179,8179,281,281,0.034356278,0.034356278,-5.22E-04,-5.22E-04,-0.001210434,1.67E-04,-0.001210434,1.67E-04,1.65E-04,1.65E-04
28167,Date online questionnaire completed,1/13/2022,NA,NA,NA,NA,NA,NA,NA,8179,8179,17,17,0.002078494,0.002078494,NA,NA,NA,NA,NA,NA,NA,NA
28167,Date online questionnaire completed,1/14/2022,NA,NA,NA,NA,NA,NA,NA,8179,8179,33,33,0.004034723,0.004034723,NA,NA,NA,NA,NA,NA,NA,NA
28167,Date online questionnaire completed,1/19/2022,NA,NA,NA,NA,NA,NA,NA,8179,8179,30,30,0.00366793,0.00366793,NA,NA,NA,NA,NA,NA,NA,NA
28167,Date online questionnaire completed,1/22/2022,NA,NA,NA,NA,NA,NA,NA,8179,8179,5,5,6.11E-04,6.11E-04,NA,NA,NA,NA,NA,NA,NA,NA
28167,Date online questionnaire completed,1/25/2022,NA,NA,NA,NA,NA,NA,NA,8179,8179,9,9,0.001100379,0.001100379,NA,NA,NA,NA,NA,NA,NA,NA
28167,Date online questionnaire completed,1/27/2022,NA,NA,NA,NA,NA,NA,NA,8179,8179,6,6,7.34E-04,7.34E-04,NA,NA,NA,NA,NA,NA,NA,NA
28167,Date online questionnaire completed,2/3/2022,NA,NA,NA,NA,NA,NA,NA,8179,8179,7,7,8.56E-04,8.56E-04,NA,NA,NA,NA,NA,NA,NA,NA
28167,Date online questionnaire completed,2/5/2022,NA,NA,NA,NA,NA,NA,NA,8179,8179,5,5,6.11E-04,6.11E-04,NA,NA,NA,NA,NA,NA,NA,NA
28167,Date online questionnaire completed,2/8/2022,NA,NA,NA,NA,NA,NA,NA,8179,8179,11,11,0.001344908,0.001344908,NA,NA,NA,NA,NA,NA,NA,NA
28167,Date online questionnaire completed,2/11/2022,NA,266,266,5,5,0.018796992,0.018796992,8179,8179,128,128,0.015649835,0.015649835,0.003147158,0.003147158,0.001457736,0.004836579,0.001457736,0.004836579,0.002173213,0.002173213
28167,Date online questionnaire completed,2/12/2022,NA,NA,NA,NA,NA,NA,NA,8179,8179,30,30,0.00366793,0.00366793,NA,NA,NA,NA,NA,NA,NA,NA
28167,Date online questionnaire completed,2/14/2022,NA,266,266,8,8,0.030075188,0.030075188,8179,8179,192,192,0.023474752,0.023474752,0.006600436,0.006600436,0.004158065,0.009042806,0.004158065,0.009042806,0.003029204,0.003029204
28167,Date online questionnaire completed,2/17/2022,NA,NA,NA,NA,NA,NA,NA,8179,8179,19,19,0.002323022,0.002323022,NA,NA,NA,NA,NA,NA,NA,NA
28167,Date online questionnaire completed,2/21/2022,NA,NA,NA,NA,NA,NA,NA,8179,8179,16,16,0.001956229,0.001956229,NA,NA,NA,NA,NA,NA,NA,NA
28167,Date online questionnaire completed,2/24/2022,NA,NA,NA,NA,NA,NA,NA,8179,8179,9,9,0.001100379,0.001100379,NA,NA,NA,NA,NA,NA,NA,NA
28167,Date online questionnaire completed,3/1/2022,NA,NA,NA,NA,NA,NA,NA,8179,8179,10,10,0.001222643,0.001222643,NA,NA,NA,NA,NA,NA,NA,NA
28167,Date online questionnaire completed,3/2/2022,NA,NA,NA,NA,NA,NA,NA,8179,8179,6,6,7.34E-04,7.34E-04,NA,NA,NA,NA,NA,NA,NA,NA
28167,Date online questionnaire completed,3/9/2022,NA,NA,NA,NA,NA,NA,NA,8179,8179,5,5,6.11E-04,6.11E-04,NA,NA,NA,NA,NA,NA,NA,NA
28174,"Any change of address, waves 1-6",0,Home address of participant did not change between waves 1 and 6,351,351,339,339,0.965811966,0.965811966,10994,10994,10732,10732,0.976168819,0.976168819,-0.010356854,-0.010356854,-0.01299145,-0.007722257,-0.01299145,-0.007722257,9.96E-05,9.96E-05
28174,"Any change of address, waves 1-6",1,Home address of participant changed between waves 1 and 6,351,351,12,12,0.034188034,0.034188034,10994,10994,262,262,0.023831181,0.023831181,0.010356854,0.010356854,0.007722257,0.01299145,0.007722257,0.01299145,0.004015,0.004015
