condition_concept_id,concept_name,pt_cnt,mean_change,median_change,sd,ev_density
23325,Heartburn,64,3.268656716,1,3.118326207,3.467741935
23986,Disorder of pituitary gland,21,3.086956522,2,4.466275747,10.30357143
24134,Neck pain,344,3.763888889,2,3.92846464,9.977292576
24609,Hypoglycemia,27,2.580645161,2,4.242640687,3.131782946
25297,Acute pharyngitis,316,3.267045455,1,3.523729085,4.909090909
26662,Testicular hypofunction,32,3.027027027,2,3.360107525,12.28735632
27674,Nausea and vomiting,146,4.4,1,4.93477533,4.34973638
28060,Streptococcal sore throat,47,1.888888889,1,3.608116044,2.830039526
29735,Candidiasis of mouth,20,1.84,-0.5,4.284611387,2.76
30133,Acute laryngitis,20,3,1,3.741657387,1.798076923
30437,Gastro-esophageal reflux disease with esophagitis,111,3.512605042,1,3.585871813,4.087774295
30753,Esophagitis,40,3.404761905,0.5,3.039905532,3.5
31317,Dysphagia,165,3.573033708,2,3.502738871,5.073076923
31602,Disorder of the larynx,20,1.636363636,1,2.560324815,2.683544304
31610,Disorder of esophagus,56,2.947368421,0,3.577300368,2.408805031
31821,Disorder of endocrine system,27,2.793103448,2,3.092588328,4.405940594
31967,Nausea,196,3.292792793,1,4.344731016,4.593575419
72404,Joint stiffness,24,3.481481481,1,3.676945408,5.511627907
72418,Scoliosis deformity of spine,39,2.666666667,1,3.470718073,5.285714286
72711,Shoulder stiff,29,3.5,2,3.154088753,14.44210526
72986,Disorder of lower leg,28,3.181818182,2,3.376702001,5.688073394
72993,"Localized, primary osteoarthritis",53,4.053571429,2,3.956952691,6.989795918
73008,Enthesopathy,60,1.941176471,0.5,3.732435324,2.78358209
73231,Arthralgia of temporomandibular joint,34,4.058823529,3,2.640693476,3.421568627
73300,Radial styloid tenosynovitis,24,2.333333333,1,5.36342282,5.757281553
73553,Arthropathy,68,2.391304348,1,3.626068914,4.797900262
73560,Calcaneal spur,22,2.75,1,2.834924432,3.453703704
73754,Restless legs,117,3.592,2,3.683747691,8.301960784
73819,Pain of breast,82,1.426966292,0,3.183653862,4.060606061
73840,"Localized, primary osteoarthritis of the shoulder region",109,2.825,1,3.907810383,3.685950413
74125,Inflammatory polyarthropathy,39,3.128205128,1,3.782194238,7.613445378
74130,Thoracic spondylosis without myelopathy,23,2.958333333,0,4.294955217,2.890243902
74132,Degeneration of lumbosacral intervertebral disc,41,3.888888889,0,4.019009707,3.8
74174,Urinary symptoms,28,3.2,0.5,6.100568106,2.123966942
74396,Temporomandibular joint disorder,31,2.705882353,1,4.008056403,4.148648649
74635,Lumbosacral radiculopathy,37,2.659090909,1,3.427060657,3.980769231
74728,Synovitis and tenosynovitis,38,2.659574468,1,3.672588864,3.355450237
74731,Hypertrophic osteoarthropathy,42,2.541666667,0.5,3.48890726,3.142857143
75004,Frank hematuria,51,2.185185185,0,2.585934807,5.524475524
75036,"Localized, primary osteoarthritis of the hand",96,2.01,0,3.357614415,4.74015748
75344,Intervertebral disc disorder,25,1.88,0,2.959166549,3.308823529
75576,Irritable bowel syndrome,129,3.333333333,1,4.022917633,7.697619048
75650,Proteinuria,61,3.746478873,2,4.093510792,7.060606061
75860,Constipation,222,3.449799197,1,4.094746383,4.601029601
75865,Disorder of the urinary system,22,1.913043478,0,2.938032442,2.822580645
75909,Disorder of bone,481,2.895463511,1,3.159412397,6.498455201
75911,Acquired hallux valgus,47,2.416666667,0,3.866887826,4.012048193
76786,Derangement of knee,25,3.04,2,3.994579661,3.801242236
77030,Disorder of breast,107,2.276422764,0,3.593279253,3.15443038
77074,Joint pain,175,2.72972973,1,3.815205943,5.110275689
77081,Tibialis tendinitis,30,3.166666667,2,2.399473122,4.543478261
77234,Benign neoplasm of colon,101,2.633027523,1,3.192534609,4.187165775
77630,Disorder of shoulder,86,2.820224719,1,3.964013912,3.628647215
77635,Disorder of hand,66,4.424242424,2,6.088029448,3.924657534
77646,Disorder of bone and articular cartilage,100,2.822429907,1.5,2.92151545,5.181518152
77670,Chest pain,509,2.787430684,1,3.878065663,7.015243902
77963,Achilles tendinitis,45,2.5,1,3.567247191,5.727941176
77965,Acquired trigger finger,60,2.787878788,1,3.571861152,7.101522843
78200,Benign mammary dysplasia,21,4.375,2,3.5152728,6.96969697
78228,Joint derangement,34,2.833333333,0,4.293281241,4.462121212
78232,Shoulder joint pain,441,3.199143469,1,3.854369427,9.432134996
78472,Microscopic hematuria,49,2.769230769,0,2.935676631,4.578125
78473,Solitary cyst of breast,43,2.159090909,0,2.984826893,2.710382514
78474,Hypertrophy of breast,27,3.612903226,2,2.375084344,4.928
78505,"Localized, primary osteoarthritis of the ankle and/or foot",86,2.717171717,1,4.197077349,3.285087719
78508,Arthralgia of the ankle and/or foot,168,2.924324324,1,4.006819821,5.881773399
78619,Contusion of knee,23,1.962962963,0,3.185317105,2.073770492
78804,Fibrocystic disease of breast,47,2.392156863,0,3.542395537,4.010380623
79145,Ehlers-Danlos syndrome,25,4.703703704,3,3.708099244,37.91111111
79864,Hematuria syndrome,100,2.690909091,0,3.373994426,3.648192771
79908,Muscle weakness,87,3.27173913,2,3.718869718,8.683018868
79916,Acquired hallux rigidus,25,3.115384615,1,3.291402943,4.0125
80180,Osteoarthritis,288,3.122580645,1,3.771929043,5.493184634
80187,Medial epicondylitis,20,1.857142857,0,2.892367451,4.514705882
80189,Displacement of lumbar intervertebral disc without myelopathy,24,3,1.5,3.25013935,4.594117647
80242,Current tear of medial cartilage AND/OR meniscus of knee,48,3.538461538,1,3.329363771,3.905405405
80502,Osteoporosis,236,3.5,1.5,3.107068823,11.96730769
80767,Breast lump,103,2.315315315,0,3.587899795,5.662316476
80809,Rheumatoid arthritis,64,4.651515152,3,4.340653158,33.19333333
80813,Lumbosacral spondylosis without myelopathy,72,3.135135135,1,3.892933287,4.690140845
80816,Degeneration of intervertebral disc,29,3.193548387,1,4.768792228,4.534883721
80824,Senile osteoporosis,50,3.634615385,1,2.529499426,8.572815534
81151,Sprain of ankle,62,3.027777778,1,3.281278723,4.104712042
81378,Chondromalacia of patella,27,1.666666667,-1,3.455867466,3.754010695
81379,Lateral epicondylitis,56,2.393442623,1,3.067582914,5.245421245
81878,Benign paroxysmal positional vertigo,67,2.183098592,0,3.227888985,4.090497738
81893,Ulcerative colitis,21,2.636363636,2,4.236463035,21.16129032
81902,Urinary tract infectious disease,198,3.370535714,1,4.22340541,5.626679463
81931,Psoriasis with arthropathy,22,4.36,2,3.006846445,32.93877551
132412,Post-laminectomy syndrome,22,4.695652174,3,5.218390722,9.70212766
132706,Disorder of nail,36,3.054054054,0,2.214490518,2.54494382
132797,Sepsis,26,4.586206897,5,4.43916139,4.45
133141,Tinea pedis,41,3.046511628,1,4.435032378,2.69375
133280,Alopecia,28,2.620689655,1,4.589498019,3.187134503
133299,Swelling of limb,21,5.375,4,4.76345213,2.640522876
133424,Primary malignant neoplasm of thyroid gland,32,5.303030303,2,5.177105307,38.20634921
133711,Overlapping malignant neoplasm of female breast,27,4.066666667,2,5.576967285,18.88679245
133729,Hyperparathyroidism,42,3.644444444,1,3.56293997,13.26363636
133834,Atopic dermatitis,36,2.675,1,3.931557307,5.207100592
133835,Eczema,47,2.1875,1,3.002003648,3.043062201
134118,Atrophic condition of skin,23,4.041666667,2,2.653955211,3.972222222
134159,Precordial pain,42,1.829787234,-0.5,4.317064968,3.186746988
134438,Contact dermatitis,36,1.488372093,-1,3.075246796,3.583050847
134460,Plantar fascial fibromatosis,153,3.428571429,1,3.243951266,5.734736842
134668,Chronic maxillary sinusitis,53,4.509090909,3,4.61539671,5.626168224
134681,Diffuse spasm of esophagus,25,3.884615385,0,3.365511353,3.171428571
134718,Hirsutism,25,3.518518519,2,3.730504881,4.277227723
134736,Backache,194,3.171428571,1,4.222679083,5.115718419
134870,Pityriasis versicolor,20,2.285714286,0.5,2.892367451,3.277777778
134898,Non-toxic uninodular goiter,153,3.518987342,1,3.874160029,9.240540541
135030,Discoloration of skin,91,2.610526316,0,3.246224444,3.004555809
135215,Hashimoto thyroiditis,22,3.086956522,1,3.250374604,8.727272727
135287,Non-neoplastic nevus,183,1.937172775,0,3.015243803,2.806976744
135618,Pruritic rash,88,2.428571429,1,3.002067382,1.814189189
135777,Neoplasm of uncertain behavior of skin,205,2.246511628,0,3.116408803,4.255319149
135858,Disorder of lip,29,2.558823529,1,3.459120877,2.352380952
135930,Musculoskeletal finding,161,3.660714286,2,4.305709051,6.549618321
136057,Benign neoplasm of skin of trunk,57,1.372881356,0,2.400396793,3.960352423
136184,Pruritus of skin,30,3.09375,0.5,3.854240835,2.923809524
136368,Non-toxic multinodular goiter,118,2.89516129,1,3.43509383,10.444
136497,Scar conditions and fibrosis of skin,118,2.733333333,0,4.095989,4.685131195
136773,Rosacea,127,3.142857143,1,3.435698546,7.271137026
136788,Spinal stenosis of lumbar region,118,3.588709677,1,3.964714715,9.185185185
137053,Seborrheic dermatitis,83,2.3,1,3.317023474,3.63028169
137193,Erythema,23,1.791666667,0,4.284358905,1.762711864
137275,Disorder of muscle,112,3.767241379,1,4.244422489,7.641233766
137351,Epidermoid cyst of skin,63,2.830769231,1,3.298590057,3.290748899
137379,Musculoskeletal symptom,41,4.068181818,2,5.093515725,5.25
137548,Cervical radiculopathy,126,4.122302158,1,4.142876847,5.961661342
137682,Skin sensation disturbance,61,2.787878788,1,3.529423551,3.587360595
137785,Verruca plantaris,40,2.952380952,0,3.819568374,5.738738739
137809,Primary malignant neoplasm of female breast,116,4.823529412,3,4.210244876,43.77310924
137820,Postoperative hypothyroidism,73,4.050632911,1,4.26803631,15.39230769
137989,Abnormal results of cardiovascular function studies,28,1.34375,0,3.956609901,3.938271605
138102,Benign neoplasm of skin,206,2.608888889,1,3.538365887,4.060240964
138148,Plantar nerve lesion,20,2.285714286,1,3.379504791,5.891891892
138225,Disorder of sebaceous gland,34,2.142857143,0,2.836608153,2.213270142
138384,Acquired hypothyroidism,229,3.805084746,2,3.46327218,13.77658143
138387,Thyrotoxicosis,33,5.029411765,3,5.701375432,8.734042553
138519,Spondylosis without myelopathy,46,3.083333333,1,3.435886204,3.131578947
138525,Pain in limb,219,2.773913043,1,3.391050722,5.794889993
138717,Toxic diffuse goiter,22,4.260869565,1.5,4.570988886,8.306122449
138825,Actinic keratosis,263,2.580882353,1,2.875188893,7.393634841
138841,Disorder of sacrum,35,4.1,1,3.875586158,5.413793103
139099,Ingrowing nail,53,1.807017544,0,3.291366196,3.415789474
139750,Primary malignant neoplasm of skin,21,3.391304348,1,3.762597887,6.271604938
139850,Acute frontal sinusitis,46,2.660377358,0,3.262434407,2.135802469
139900,Urticaria,62,3.865671642,2,3.641561894,6.317073171
140168,Psoriasis,87,3.077777778,1,3.548834477,28.16756757
140190,Disorder of back,20,3.571428571,3,3.099660423,3.986394558
140214,Eruption,246,2.833333333,0.5,4.177177716,3.686440678
140641,Verruca vulgaris,67,2.808219178,0,2.898478211,5.516509434
140648,Onychomycosis due to dermatophyte,106,2.839622642,1,3.617616873,5.256716418
140673,Hypothyroidism,521,4.289377289,2,3.834546933,13.83166109
140821,Spasm,139,3.324503311,1,3.990121782,5.029535865
140842,Changes in skin texture,20,2.714285714,1,5.166694963,2.492307692
141095,Acne,160,3.213017751,1,3.008315258,6.963833635
141104,Intervertebral disc disorder of lumbar region with myelopathy,48,2.215686275,0,3.392667835,2.96039604
141253,Disorder of thyroid gland,57,3.032258065,1,3.505187706,6.481327801
141323,Acute maxillary sinusitis,131,2.04109589,0,3.666307212,2.738241309
141375,Hypertrophic condition of skin,93,2.277227723,0,2.948482387,2.332268371
141825,Simple goiter,49,2.411764706,0,3.599650399,3.544217687
141932,Senile hyperkeratosis,404,2.376470588,1,2.968050891,4.743562232
141941,Cervical spondylosis without myelopathy,129,3.058394161,1,3.503372545,4.306179775
141960,Skin finding,57,2.709677419,1,3.731932247,1.987804878
192450,Retention of urine,69,3.355263158,1,4.136420484,5.139013453
192731,Digestive symptom,28,2.551724138,0,2.588129189,2.11299435
192854,Intramural leiomyoma of uterus,47,2.978723404,1,3.592442473,3.274647887
192963,Disorder of pancreas,20,3.541666667,3,3.663116303,7.955223881
193020,Incomplete emptying of bladder,22,2.708333333,1,5.17067991,4.707317073
193322,Right lower quadrant pain,84,2.546511628,0,3.98642274,4.283746556
193326,Urge incontinence of urine,67,3.1,1,3.202144804,7.188571429
194079,Post-surgical malabsorption,38,3.256410256,1,4.564458528,7.661971831
194081,Acute cystitis,100,3,2,3.288547621,3.107407407
194133,Low back pain,515,3.409506399,1,4.125215167,9.34583064
194175,Left upper quadrant pain,48,3.384615385,0,4.76225556,4.294871795
194406,Urinary tract obstruction,36,2.974358974,1,3.217388273,5.142857143
194684,Crohn's disease of large bowel,25,3.230769231,1,3.365511353,19.375
194686,Acquired renal cystic disease,61,3.338709677,1,4.30617805,3.783950617
194696,Dysmenorrhea,44,3.4,1,2.705409193,3.586466165
194984,Disease of liver,89,2.602150538,0,4.842567465,4.703971119
194992,Celiac disease,33,4.333333333,3,3.040758478,13.32926829
194993,Intestinal malabsorption,42,1.818181818,-1,3.76640816,4.531531532
195007,Female stress incontinence,81,3.433333333,1,3.718738004,4.814189189
195083,Left lower quadrant pain,80,3.163043478,1,4.024745451,4.279569892
195259,Meralgia paresthetica,21,3.380952381,2,3.505777544,6
195321,Postmenopausal bleeding,58,3.047619048,1,4.05396895,5.410041841
195562,Hemorrhoids,229,2.489878543,0,3.422260511,2.65248227
195588,Cystitis,20,3.3,2,3.717313688,2.252336449
195603,Vulval and/or perineal noninflammatory disorders,44,1.8125,1,3.028668516,2.570469799
195770,Subserous leiomyoma of uterus,22,3.28,1.5,4.643339968,3.058823529
195847,Gastroparesis syndrome,28,3.733333333,2,4.89506284,14.21621622
195867,Noninflammatory disorder of the vagina,169,2.904255319,1,3.864881147,2.940108893
195873,Leukorrhea,24,2.925925926,2,2.535258612,2.197969543
195906,Disorder of lumbar spine,29,2.75,0,2.785430073,2.811320755
196168,Irregular periods,95,2.846153846,1,3.764096313,3.754032258
196456,Gallstone,53,2.770491803,0,4.418016288,3.218543046
196523,Diarrhea,278,2.996587031,0,4.301272832,6.089852008
197006,Residual hemorrhoidal skin tags,65,1.835820896,0,3.421861279,2.010152284
197236,Uterine leiomyoma,82,3.837209302,1,4.184703508,6.22
197320,Acute renal failure syndrome,67,4.594594595,2,5.742790891,6.727272727
197381,Epigastric pain,177,2.62755102,1,3.778648487,4.5456
197607,Excessive and frequent menstruation,75,3.771084337,2,3.83206011,3.505494505
197610,Cyst of ovary,85,2.333333333,0,3.573674364,5.308290155
197672,Urinary incontinence,69,3.051282051,1,3.07812456,3.797794118
197675,Incontinence of feces,31,2.75,1,3.714835124,5.682242991
197676,Large liver,20,3.304347826,1,4.771350907,2.55952381
197684,Dysuria,253,2.768421053,1,3.690446136,4.438752784
197925,Hemorrhage of rectum and anus,89,2.627659574,0,2.724449509,3.194225722
197988,Generalized abdominal pain,95,2.087378641,0,4.510532653,4.283163265
198124,Kidney disease,20,5.476190476,2.5,6.352786376,6.461538462
198194,Female genital organ symptoms,38,2.88372093,1,3.505837441,3.27032967
198202,Cystocele,23,2.92,0,3.259525415,3.188679245
198263,Right upper quadrant pain,124,2.449612403,0,3.304821677,4.561674009
198400,Hemangioma of skin and subcutaneous tissue,170,1.784946237,0,2.933186851,3.851415094
198520,Lumbar spondylosis with myelopathy,42,3.066666667,1,3.209759363,2.325581395
198803,Benign prostatic hyperplasia,113,3.12605042,1,3.036883466,5.863247863
198846,Enthesopathy of hip region,25,2.36,1,1.979057015,4.64171123
199075,Neurogenic bladder,20,3.409090909,1,4.225237458,7.62745098
199876,Prolapse of female genital organs,24,3.888888889,1,4.401704215,5.590909091
200174,Disorder of skin and/or subcutaneous tissue,272,2.553633218,1,2.880440841,4.199786325
200219,Abdominal pain,356,3.125,1,3.977576013,6.018567639
200452,Disorder of female genital organs,47,2.358490566,1,4.221218592,3.394636015
200779,Polyp of corpus uteri,33,3.823529412,2,4.660236371,3.524137931
200843,Finding of frequency of urination,192,2.882926829,1,3.534882117,2.76427256
200845,Urgent desire to urinate,92,2.87254902,1,2.893453573,4.093167702
200962,Primary malignant neoplasm of prostate,69,4.457142857,2,3.911804767,37.79807692
201061,Diaphragmatic hernia,129,3.222222222,1,3.932032164,4.808564232
201078,Atrophic vaginitis,119,2.473282443,1,3.223237625,5.692073171
201340,Gastritis,57,2.307692308,-1,3.26521885,3.339920949
201418,"Flatulence, eructation and gas pain",36,2.025641026,0,2.195775164,2.931818182
201606,Crohn's disease,30,4.75,2.5,4.73965904,29.06944444
201613,Chronic nonalcoholic liver disease,34,3.722222222,1.5,4.654555203,6.06626506
201618,Disorder of intestine,158,2.728915663,0,3.846239463,3.84375
201620,Kidney stone,141,3.560810811,2,3.789616807,12.44931507
201826,Type 2 diabetes mellitus,154,4.416666667,2,4.164432811,13.09090909
201891,Disorder of stomach,20,3.318181818,1,5.365582325,4.5
201909,Female infertility,35,4.333333333,2,5.613908299,20.77272727
201916,Ureteric stone,23,3.115384615,1,4.204740408,6.564814815
253549,Disorder of connective tissue,35,3.405405405,2,4.180386376,8.777777778
254061,Pleural effusion,52,7,4,4.859255913,5.722891566
254443,Sj√∂gren's syndrome,61,4.096774194,2,3.303500379,13.02586207
254669,Disorder of vocal cord,26,3.703703704,0.5,4.279647721,6.010526316
254761,Cough,641,3.479015919,1,3.829744923,6.418991416
255348,Polymyalgia rheumatica,23,4.652173913,2,3.916621114,16.79411765
255573,Chronic obstructive lung disease,82,4.776470588,2,4.286348012,13.37696335
255848,Pneumonia,82,3.857142857,2,3.77787741,3.574468085
255919,Finding of head and neck region,31,2.171428571,1,3.820431772,2.612745098
256439,Allergic rhinitis due to pollen,144,3.512820513,1,3.36937825,12.00505051
256440,Disorder of nasal sinus,22,2.913043478,1,4.020779361,2.266666667
256449,Bronchiectasis,21,5.869565217,4,4.72883757,22.63265306
256451,Bronchitis,107,3.613445378,1,3.897831146,2.653775322
257007,Allergic rhinitis,371,3.303258145,1,3.633878135,11.05243446
257011,Acute upper respiratory infection,389,3.002392344,1,3.416465499,3.591178407
257012,Chronic sinusitis,165,3.039548023,1,3.814402628,5.914179104
257628,Systemic lupus erythematosus,42,7.348837209,4,4.699877677,43.3373494
257683,Posterior rhinorrhea,75,2.4125,0,3.145137818,2.49339207
257907,Disorder of lung,37,2.452380952,0,5.191526938,4.507042254
259153,Pain in throat,25,2.892857143,1,2.657066051,4.180124224
259848,Chronic rhinitis,136,3.180555556,1,2.868163464,5.02745098
260123,Acute sinusitis,131,2.868055556,0,3.241303465,4.078280044
260139,Acute bronchitis,122,3.132352941,0,3.519277432,3.036161335
260427,Common cold,20,3.523809524,1,3.581751997,1.842857143
261325,Pulmonary emphysema,34,3.314285714,0.5,3.57015256,8.689189189
261880,Atelectasis,55,4.746031746,2,3.852936263,3.471698113
312437,Dyspnea,440,3.782881002,1,4.575552455,7.45382794
312648,Benign essential hypertension,64,3.417910448,2,3.017763218,10.41555556
312934,Atherosclerosis of aorta,28,2.566666667,0,3.74095028,3.565789474
312998,Pain in thoracic spine,103,2.709090909,1,4.251560446,5.470588235
313217,Atrial fibrillation,134,5.115646259,2,5.769683635,24.3
313459,Sleep apnea,210,4.065217391,2,4.192510872,5.261306533
313878,Respiratory symptom,20,2.904761905,1.5,4.032434292,1.568965517
314054,Aortic valve disorder,24,4.285714286,1,6.212277465,9.155963303
314059,Right bundle branch block,24,3.083333333,0.5,4.293363601,2.618421053
314131,Degeneration of cervical intervertebral disc,67,3.351351351,1,3.509952252,4.674825175
314658,Cardiomegaly,76,3.373493976,1,3.990581016,3.70531401
314665,Atrial flutter,26,5.392857143,2,6.012934776,18.04225352
314666,Old myocardial infarction,49,3.62745098,2,4.791396769,5.247311828
314754,Wheezing,69,2.906666667,0,3.670636462,3.308
314962,Raynaud's disease,72,3.421052632,1,3.318010557,5.941558442
315078,Palpitations,320,2.967647059,1,3.980358073,6.394176932
315085,Lymphadenopathy,43,2.47826087,0,3.404283667,3.237113402
316127,Vitreous opacities,68,2.671232877,0.5,2.405866039,4.274774775
316139,Heart failure,49,4.327272727,1,5.453732417,8.9
316822,Heart murmur,67,2.986842105,0,4.683371278,4.676806084
316866,Hypertensive disorder,49,3,1,3.630581558,8.209580838
316998,Left bundle branch block,27,5.413793103,3,4.200122098,11.03389831
317002,Low blood pressure,43,3.411764706,1,4.656055013,3.784090909
317009,Asthma,124,3.590909091,1,3.940641062,7.929597701
317248,Disorder of hematopoietic structure,41,3.444444444,1,4.837102539,4.330188679
317576,Coronary arteriosclerosis,49,3.566037736,2,4.2712056,10.32544379
318169,Varicose veins of lower extremity,66,2.197183099,1,3.148833358,6.211428571
318566,Flushing,88,3.225806452,1,2.709073727,3.763033175
318736,Migraine,261,3.903114187,2,4.140343019,8.75030012
318800,Gastroesophageal reflux disease,146,3.815789474,1,3.816405429,8.189271255
319041,Orthostatic hypotension,42,4.136363636,2,5.159984064,6.06557377
319826,Secondary hypertension,21,4.84,3,4.130605859,5.706896552
319835,Congestive heart failure,54,3.327586207,1,4.510605563,20.4
319843,Mitral valve disorder,33,3.314285714,1,5.379006611,5.05785124
320073,Neutropenia,30,5.787878788,2.5,6.510910384,7.24691358
320128,Essential hypertension,1252,4.89085319,2,3.892850728,22.73078782
320136,Disorder of respiratory system,45,2.152173913,0,3.655354451,2.256830601
320420,Vitreous degeneration,128,2.496350365,1,2.958445388,6.329230769
320536,Electrocardiogram abnormal,152,3.241176471,1,3.891651923,3.093632959
321052,Peripheral vascular disease,48,2.403846154,0,4.065073517,5.75
321318,Angina pectoris,71,4,1,4.40271546,7.110526316
321319,Cardiomyopathy,64,5.106060606,3,4.852972212,17.57843137
321588,Heart disease,62,3.15942029,1,3.978259268,7.005813953
321596,Peripheral venous insufficiency,62,3.257575758,1,3.247624523,5.175531915
321887,Disorder of artery,30,1.909090909,0.5,3.559671947,7.753424658
372309,Mononeuritis,25,4.04,3,4.497036061,3.56626506
372324,Eustachian tube disorder,86,2.368421053,0,3.119068927,2.541818182
372328,Otitis media,53,2.49122807,0,3.38334519,5.10653753
372409,Sciatica,107,2.982608696,1,3.582269864,4.88592233
372448,Loss of consciousness,126,3.065693431,1,3.75511503,4.518918919
372886,Refractory migraine with aura,27,1.777777778,0,3.055050463,4.53125
372887,Disorder of brain,41,3.209302326,0,4.297900792,3.711538462
373474,Diplopia,35,3.114285714,0,3.434134143,5.648148148
373478,Presbyopia,252,2.481751825,0,2.992306584,8.2368
373499,Disorder of eye region,26,1.970588235,-0.5,3.650289767,1.75
373503,Transient cerebral ischemia,23,4.041666667,3,3.34214908,4.849462366
373769,Nuclear cataract,27,2.785714286,1,1.906653517,3.050847458
374009,Organic mental disorder,22,2,2,5.428998616,11.61842105
374027,Lesion of ulnar nerve,51,4.222222222,2,4.116632928,4.632258065
374034,Visual disturbance,109,2.888888889,1,4.77963243,3.352798054
374313,Neoplasm of uncertain behavior of soft tissues,41,1.295454545,0,2.868457561,7.006756757
374366,Sensorineural hearing loss,94,2.745098039,1,3.32609601,5.915204678
374367,Bilateral hearing loss,59,2.3125,0,3.18437888,3.006060606
374375,Impacted cerumen,129,2.178082192,0,3.177256874,3.807860262
374919,Multiple sclerosis,53,5.574074074,3,4.043755601,43.49473684
375281,Acute suppurative otitis media without spontaneous rupture of ear drum,22,1.826086957,0,3.220604659,4.225806452
375415,Injury of head,42,2.229166667,0,2.932060752,2.119469027
375527,Headache disorder,42,3.5,1.5,3.749719308,3.669811321
375545,Cataract,90,2.387096774,0,3.156271129,4.774928775
375806,Idiopathic peripheral neuropathy,20,5.25,-1,4.013136324,3.807017544
375827,Acute non-suppurative otitis media - serous,23,3.535714286,1,3.739544053,2.056737589
376065,Disorder of nervous system due to type 2 diabetes mellitus,43,5.068181818,2,4.684745869,7.477272727
376125,Disorder of eyelid,29,2.484848485,1,2.550475663,3.110091743
376208,Disorder of soft tissue,181,2.922680412,1,3.553985995,2.750491159
376229,Abnormal involuntary movement,30,2.322580645,0,2.768667051,3.15862069
376382,Tension-type headache,41,2.979591837,0,3.413566906,3.683333333
376400,Combined form of senile cataract,64,1.970588235,1,2.319474147,3.938931298
376415,Hypermetropia,69,2.526315789,1,2.686044259,4.762711864
376707,Acute conjunctivitis,41,2.5,1,3.867311412,2.107476636
377091,Seizure,45,4.446808511,4,4.840590164,9.096385542
377575,Tinnitus,85,3.285714286,1,3.473186607,3.895043732
377844,Status migrainosus,58,3.216666667,1,4.521910094,5.142857143
377853,Chronic tension-type headache,22,2.043478261,0,3.260680087,5.454545455
377888,Conductive hearing loss,23,2.12,1,3.370999312,4.842696629
377889,Hearing loss,92,2.009803922,0,3.182984503,2.850374065
377910,Deviated nasal septum,69,3.810810811,1,4.012501776,4.602836879
378001,Concussion with no loss of consciousness,22,3.625,1.5,4.375255095,3.842857143
378161,Disorder of ear,51,2.581818182,1,3.202205123,2.308988764
378253,Headache,363,3.574742268,1,3.67921967,6.01423221
378416,Retinal disorder,24,3.5,1,5.926481959,4.6
378424,Astigmatism,168,2.569060773,1,3.255574719,5.210953347
378425,Blepharitis,38,2.536585366,1,2.4714587,3.592274678
378427,Tear film insufficiency,198,3.081730769,1,3.220299309,6.053333333
378735,Migraine without aura,219,4.331877729,2,4.138641877,8.54767184
379010,Epiretinal membrane,44,3.553191489,1,2.443764988,12.3627451
379019,Conjunctivitis,29,2,0,5.175491695,2.231788079
379031,Pain in eye,30,2.470588235,0,3.321127076,2.243478261
379801,Trigeminal neuralgia,21,3.318181818,1,7.59040748,18.52272727
379805,Myopia,262,2.8,1,3.321134562,9.190412783
379832,Mixed conductive AND sensorineural hearing loss,23,2.916666667,1,3.189657198,4.763888889
380094,Carpal tunnel syndrome,142,4.081081081,2,3.615338471,7.063872255
380111,Acute atopic conjunctivitis,65,2.447761194,1,3.640583216,2.766081871
380378,Epilepsy,45,4.84,2,4.454937109,13.0625
380706,Regular astigmatism,91,2.411764706,0,3.263330883,4.37037037
380731,Otitis externa,26,2.037037037,1,2.349468025,2.010752688
380733,Otalgia,89,2.367346939,1,3.93190896,2.565217391
381290,Ocular hypertension,50,2.537037037,0,3.750428547,8.64556962
381292,Chronic allergic conjunctivitis,31,2.419354839,1,3.293852208,3.670731707
381295,Senile cataract,41,1.888888889,0,2.703656061,3.738853503
381549,Migraine with aura,110,3.794871795,1,4.461680045,6.843853821
381859,Infective otitis externa,27,2.37037037,0,2.691127132,2.709677419
381877,Dysfunction of eustachian tube,20,2.05,-0.5,2.833539724,2.731404959
432250,Disorder due to infection,37,3.5,1,4.112348649,3.038709677
432251,Disease caused by parasite,21,3.227272727,0,4.362720864,2.538461538
432545,Bacterial infectious disease,89,3.214285714,1,5.178504128,2.193037975
432582,Neoplastic disease of uncertain behavior,69,2.633802817,0,3.240238801,3.289940828
432585,Blood coagulation disorder,26,2.375,1.5,3.795543946,4.903703704
432738,Chronic fatigue syndrome,117,2.3671875,1,3.977797206,4.97037037
432795,Traumatic AND/OR non-traumatic injury,122,2.476923077,1,3.295581734,2.618421053
432867,Hyperlipidemia,990,3.874159462,2,3.687749099,16.10400391
432870,Thrombocytopenic disorder,65,5.136986301,3,4.676043693,6.713541667
432875,Anemia due to chronic blood loss,21,3.454545455,0,3.653439345,3.152777778
432883,"Recurrent major depressive episodes, moderate",39,4.952380952,2,5.03764506,16.30864198
432895,Cortical senile cataract,23,2.695652174,1,3.319602814,4.828947368
433128,Complication,33,2.735294118,1,3.427274737,5.103896104
433316,Dizziness and giddiness,365,3.125944584,1,4.20735505,5.751494449
433440,Dysthymia,72,3.974358974,1,3.325077805,10.5530303
433456,Acute pain,68,2.958333333,1,3.974788855,2.731818182
433527,Endometriosis (clinical),35,3.324324324,2,5.952614001,7.88372093
433577,Hammer toe,50,2.653846154,1,3.45229885,5.190909091
433595,Edema,109,2.367521368,1,3.817066492,5.027600849
433736,Obesity,592,4.0265625,1,4.277922887,9.61411926
433740,Immunodeficiency disorder,57,4.75,2,4.209504105,10.3627451
433758,Childhood emotional disorder,41,4.636363636,2,4.10829025,7.504950495
433811,Hydronephrosis,25,3.518518519,1,3.765191452,5.08
433968,Candidiasis,53,3.052631579,1,4.191445431,2.630681818
433991,Recurrent major depression in remission,35,3.555555556,1,3.484177923,7.81
434005,Morbid obesity,336,4.822404372,2,4.81276196,13.44397163
434123,Primary localized osteoarthrosis of pelvic region,20,2.666666667,1,2.704771612,5.739130435
434169,Abnormal findings on diagnostic imaging of breast,237,2.656126482,1,3.341533217,4.255896226
434170,Atypical squamous cells of undetermined significance on cervical Papanicolaou smear,30,3.1875,0,2.8180453,2.538888889
434272,Varicella,23,4.130434783,2,3.34214908,25.72727273
434490,Chill,30,2.677419355,0.5,3.609693208,2.455696203
434547,Complication of surgical procedure,42,3.442307692,2,4.909932099,1.587837838
434610,Hyperkalemia,52,3.181818182,0,3.232564322,4.435714286
434613,Generalized anxiety disorder,258,4.443636364,2,4.224310043,14.97389886
434626,Borderline personality disorder,28,7.25,5,5.646556285,52.19230769
434633,Disorder of autonomic nervous system,24,3.208333333,2.5,4.252663275,7.522727273
434894,Acute posthemorrhagic anemia,34,5.325,4,4.893518577,2.650887574
435081,Abnormal findings diagnostic imaging heart+coronary circulat,37,2.697674419,1,3.793664705,2.325842697
435119,Late effect of injury,26,3.428571429,2,4.472135955,3.344827586
435220,Severe recurrent major depression without psychotic features,51,5.280701754,2,5.135344653,17.82222222
435224,Leukopenia,54,3.362068966,1.5,3.827198628,8.014388489
435227,Nutritional deficiency disorder,20,2.55,2,5.267577092,5.156862745
435243,Alcohol dependence,21,4.375,1,4.66190233,10.11666667
435262,Primary open angle glaucoma,28,5.448275862,2,10.21385095,16.61403509
435463,Herpesvirus infection,52,3.127272727,0,2.930569108,3.567164179
435506,Benign neoplastic disease,38,2.315789474,0,3.259410274,4.358778626
435508,Adrenal cortical hypofunction,23,3.214285714,2,3.349827439,15.03508772
435511,Hypercalcemia,43,2.431372549,0,2.763469981,4.907801418
435515,Hypo-osmolality and or hyponatremia,47,4.368421053,2,5.129227347,5.891025641
435517,Acidosis,22,6.481481481,3.5,4.63400755,3.467391304
435524,Sleep disorder,145,2.344155844,0,3.937672942,3.184154176
435613,Cellulitis,42,2.782608696,0,3.980498338,4.219251337
435655,"Gestation period, 39 weeks",21,-0.148148148,-3,5.884604611,1.727272727
435784,Somatoform disorder,25,1.88,0,3.786819246,2.6875
435796,Dehydration,54,4.779661017,2,5.419798321,2.715827338
435839,Lymphedema,24,3.730769231,3,3.463055533,12.07462687
435875,"Complication of pregnancy, childbirth and/or the puerperium",20,5.761904762,2.5,5.724140938,2.410852713
436070,Vitamin D deficiency,523,3.092057762,1,3.406118385,7.315235008
436075,Adjustment disorder with anxious mood,30,4.580645161,2,3.717618815,6.194690265
436096,Chronic pain,726,3.591145833,1,3.957245862,10.25784903
436230,Blood chemistry abnormal,344,2.824175824,1,3.570825768,4.208595388
436231,Abnormal findings diagnostic imaging of liver+biliary tract,22,2.869565217,-0.5,3.91937136,2.113207547
436238,Elevated levels of transaminase & lactic acid dehydrogenase,51,3.351851852,1,3.92558226,3.071895425
436246,Reduced libido,33,2.485714286,2,2.975595179,4.338983051
436353,Primary malignant neoplasm of upper outer quadrant of female breast,38,5.333333333,3.5,4.554709316,24.69135802
436658,Vitamin deficiency,22,1.777777778,-0.5,4.171901474,3.753246753
436659,Iron deficiency anemia,174,3.881081081,2,4.172179597,8.325443787
436665,Bipolar disorder,67,4.408450704,2,4.205056077,17.25308642
436676,Posttraumatic stress disorder,84,5.238636364,3,4.812073647,34.16410256
436677,Adjustment disorder,46,2.8125,1,3.483640164,6.556179775
436785,Spinal stenosis in cervical region,93,3.509803922,1,3.605097425,5.898734177
436940,Metabolic syndrome X,37,4.3,2,3.761269353,6.18852459
436948,Benign neoplasm of choroid,24,2.851851852,1,2.3343683,5.773584906
436962,Insomnia,277,3.586885246,1,4.381376854,6.346991037
437038,Blood in urine,27,2.344827586,1,2.75029136,4.416216216
437113,Asthenia,116,3.886178862,1,4.216720839,4.712418301
437116,Closed fracture of distal end of radius,21,4,3,3.982102819,11.53608247
437246,Vitamin B deficiency,148,3.320261438,1,4.438731236,15.23837209
437312,Bleeding,21,4.25,1,5.092478113,1.85840708
437390,Hypoxemia,32,3.757575758,1,4.944755286,5.317460317
437541,Glaucoma,51,3.5,1,2.897192691,9.133858268
437663,Fever,170,3.37244898,1,4.794593922,4.697792869
437677,Abnormal findings on diagnostic imaging of lung,208,3.829596413,1.5,4.100828786,4.465324385
437758,Dependence on enabling machine or device,158,3.523809524,2,3.999742997,5.427083333
437827,Pure hypercholesterolemia,408,3.505800464,1,3.698112627,9.419090909
437833,Hypokalemia,97,3.584070796,2,3.89518493,5.318965517
437969,Talipes planus,40,2.634146341,0.5,3.237500619,4.954198473
438134,Hypersomnia,121,3.177777778,1,3.757105298,4.224852071
438398,Leukocytosis,57,3.342857143,1,5.517288844,3.906976744
438409,Attention deficit hyperactivity disorder,63,4.75,2,4.846015989,11.5
438485,Postoperative state,583,3.446601942,2,4.100815838,7.858414239
438557,Abnormal glucose level,81,2.642857143,1,3.250546013,4.505154639
438720,Mixed hyperlipidemia,409,3.467933492,2,3.345932372,9.328337875
438867,Generalized aches and pains,48,2.68,1,3.785938897,2.634782609
438878,Liver function tests abnormal,93,3.510204082,1,4.029548412,4.346320346
439002,Eating disorder,30,4,1.5,5.259364937,16.16216216
439080,Dyspareunia,62,2.833333333,0.5,3.430198425,3.651685393
439082,Menopausal syndrome,121,2.582677165,1,2.944715583,3.3
439147,Amnesia,80,3.226190476,1,3.87034735,3.778195489
439154,Abnormal findings on diagnostic imaging of skull and head,29,3.5,1,3.054512934,3.424528302
439297,Nuclear senile cataract,240,2.904761905,1,3.001019701,7.551984877
439407,Disorder of nasal cavity,160,2.88,1,4.115237638,3.301184433
439658,Disorder of pregnancy,45,4.408163265,3,4.732010058,5.007246377
439708,Disorders of initiating and maintaining sleep,29,5.090909091,1,4.363699339,2.801886792
439777,Anemia,283,3.719354839,1,4.662041557,6.241025641
439795,Minimal cognitive impairment,21,3.173913043,2,4.146139914,4.928571429
439935,Abnormal posture,24,4.04,2.5,3.323172921,9.226415094
439937,C-reactive protein abnormal,26,4.413793103,2,4.127208034,3.383333333
440029,Viral disease,172,3.015873016,1,3.393981121,1.921752739
440083,Acute stress disorder,56,2.629032258,1,3.619526768,3.030150754
440129,Hypertrophy of nasal turbinates,46,3.037735849,1,3.593069012,4.12568306
440329,Herpes zoster without complication,59,2.4375,0,2.88276687,2.5
440360,Pure hyperglyceridemia,71,3.486486486,1,3.222531342,5.859813084
440371,Disorder of immune function,69,4.197183099,1,4.711135708,7.176056338
440383,Depressive disorder,143,4,2,4.61814816,9.371308017
440417,Pulmonary embolism,47,5.93877551,3,4.568119425,17.23863636
440530,Oropharyngeal dysphagia,24,2.964285714,1,2.923852432,4.225352113
440674,Gout,46,2.46,2,4.588001575,8.481751825
440704,Chronic pain syndrome,75,4.782051282,2,4.122362657,13.75172414
441051,Thoracic aortic aneurysm without rupture,34,3.857142857,1,4.307374599,11.875
441408,Vomiting,43,3.553191489,1,4.118805964,2.705357143
441542,Anxiety,84,4.238636364,2,3.809788251,5.841269841
441701,Sprain of hip,31,3.242424242,1,2.365977486,3.785123967
441788,Human papilloma virus infection,24,3.32,0.5,3.735600373,4.742857143
441818,Hemangioma,39,2.625,0,3.779874256,2.808823529
441840,Clinical finding,43,2.574468085,1,3.383072971,2.686170213
441969,Radiology result abnormal,100,2.504424779,1,3.519067829,3.083636364
442019,Complication of procedure,34,3,0,5.223097612,2.091463415
442077,Anxiety disorder,766,4.174019608,2,4.071064702,7.780504909
442104,Benign neoplasm of descending colon,49,2.192307692,1,3.103788556,1.942857143
442105,Benign neoplasm of soft tissue,37,3.487179487,1,4.921607687,4.58677686
442108,Benign neoplasm of cecum,44,1.872340426,0,2.594921043,2.169491525
442111,Benign neoplasm of ascending colon,96,1.616161616,0,2.820021619,2.358974359
442256,Disorder of bursa of shoulder region,30,2.2,0,2.495973769,4.108196721
442306,Adjustment disorder with depressed mood,40,3.680851064,1.5,3.993504341,4.908675799
442555,Breathing painful,20,3.727272727,1,3.633180425,2.089473684
442588,Obstructive sleep apnea syndrome,629,4.336377473,2,3.73396748,14.01396648
442752,Muscle pain,201,3.293577982,1,4.715160264,5.640138408
442775,Degeneration of thoracic intervertebral disc,23,1.833333333,-1,3.611575593,2.594594595
442793,Complication due to diabetes mellitus,77,4,2,4.025762899,6.360544218
442980,Hand joint stiff,25,3.038461538,1,3.380335289,10.51851852
443200,Nervous system symptoms,35,2.973684211,1,2.843834552,2.125
443211,Benign prostatic hypertrophy with outflow obstruction,105,3.263636364,1,3.642117285,7.702325581
443257,Swelling / lump finding,60,2.5,0.5,3.301899813,2.730952381
443344,Barrett's esophagus,40,3.818181818,2,3.600569755,8.125
443410,Infective pneumonia,21,3.125,2,3.567712352,3.287234043
443412,Type 1 diabetes mellitus without complication,30,4.838709677,3,3.964787539,28.51388889
443454,Cerebral infarction,26,3.3,0,4.868106566,5.208333333
443524,Mixed urinary incontinence,54,3.603448276,1,3.294745197,5.260869565
443558,Allergic rhinitis due to animal dander,47,2.44,0,3.243580439,6.549450549
443597,Chronic kidney disease stage 3,102,3.5,1,3.974388986,18.22093023
443600,Localized infection of skin AND/OR subcutaneous tissue,62,2.926470588,1,3.434242904,2.900398406
443601,Chronic kidney disease stage 2,45,3.787234043,2,3.40869358,9.724137931
443615,Refractory migraine,21,2.916666667,0,4.441685652,2.786666667
443616,Refractory migraine without aura,40,3.857142857,2,4.175631382,5.878787879
443729,Peripheral circulatory disorder due to type 2 diabetes mellitus,27,4.620689655,2,5.378282805,5.441860465
443731,Renal disorder due to type 2 diabetes mellitus,25,5.37037037,3,4.317406629,6.87037037
443732,Disorder due to type 2 diabetes mellitus,24,4.4,2,4.690222639,6.919354839
443740,Corneal endothelial dystrophy,23,2.76,1,2.759102793,12.38888889
443744,Bunion,35,2.72972973,2,3.679833756,4.690789474
443769,Degeneration of lumbar intervertebral disc,137,3.034722222,1,4.063578027,4.233333333
443776,Brachial radiculitis,34,4.027777778,2,3.651605756,4.354700855
443782,Tremor,60,3.063492063,0.5,3.475946402,4.18
443800,Amenorrhea,35,4.216216216,2,4.1308432,3.583892617
444070,Tachycardia,167,5.282608696,3,5.528559166,4.988864143
444094,Finding related to pregnancy,69,6.567567568,5,6.82433962,14.92857143
444100,Mood disorder,59,4.507462687,2,5.04578685,8.083333333
444101,Hypertensive heart failure,33,3.111111111,0,4.223850032,3.666666667
444114,Maternal AND/OR fetal condition affecting labor AND/OR delivery,22,4.24,4.5,5.653026619,3.51048951
444130,Injury of foot,42,2.255319149,0,2.199144591,1.636363636
444131,Injury of lower leg,46,2.244897959,0,3.483085422,2.339869281
444211,Disorder of thigh,67,2.373333333,0,2.691679392,2.632352941
444239,Postprocedural state finding,163,3.707602339,2,4.134341779,4.605657238
444375,"Contact dermatitis due to plants, except food",22,3.2,1,2.988071523,1.644736842
444444,Benign neoplasm of transverse colon,96,2.009615385,-0.5,3.029026246,2.216748768
444445,Benign neoplasm of skin of lower limb,37,1.405405405,0,2.583732896,2.881278539
444457,Benign neoplasm of rectum,20,2.363636364,0,3.759549245,2.072727273
444459,Benign neoplasm of sigmoid colon,59,2.274193548,0,2.534276999,1.915584416
760895,Lump in left breast,49,2.516666667,0,3.358282481,2.450819672
762212,Bursitis of right shoulder,22,1.956521739,-1,3.725424523,3.125
762289,Pain in left knee,314,2.939577039,1,3.405312304,5.711888112
762294,Pain in right foot,211,2.366515837,0,3.33689496,3.424408015
762296,Pain in right hand,87,2.1875,1,3.983157538,3.307359307
762297,Pain in right knee,359,3.021220159,1,3.503641173,6.118421053
764123,Atherosclerosis of coronary artery without angina pectoris,229,4.736625514,2,4.37373834,11.48469388
764597,Lump in upper outer quadrant of right breast,22,3.590909091,0.5,3.78908206,2
764823,Bilateral age-related nuclear cataracts,42,2.568181818,1,2.604494463,3.478873239
765053,Lump in right breast,55,2.527272727,1,2.923030575,2
765131,Pain in left foot,223,2.518828452,0,3.276495996,3.761523046
765422,Pain in right hip joint,29,3.827586207,1,3.315510645,5.351351351
765507,Bilateral posterior vitreous detachment,21,3,1,1.764733893,2.324324324
765933,Pain of left hand,21,2.272727273,0,2.821684738,2.913043478
3655355,Erectile dysfunction,100,3.514563107,1,4.119564064,5.083333333
3656234,Depressive episode,23,5.807692308,4,5.058159768,11.88333333
3663197,Glaucoma suspect,21,3.727272727,1,4.652700189,8.340425532
4000609,Disorder of upper gastrointestinal tract,75,3.569620253,1,3.808099476,2.554716981
4000968,Biceps tendinitis,48,3.040816327,1,4.019401088,4.935779817
4001450,Lumbago with sciatica,151,3.688311688,1,3.767761469,7.119186047
4002359,Monoclonal gammopathy (clinical),21,4.142857143,1,3.618076311,13.24489796
4002650,Plantar fasciitis,20,2.869565217,1,2.163695669,2.547169811
4002818,Spasm of back muscles,31,3.090909091,1,3.872983346,3.045454545
4002956,Metatarsalgia,31,2.09375,0,3.510659651,2.6375
4004352,Irritant contact dermatitis,22,1.565217391,0,3.480309485,1.843137255
4008576,Diabetes mellitus without complication,42,3.829787234,3,3.631789569,8.751552795
4009585,Abnormal urine,63,2.430769231,1,3.768315912,3.076142132
4012368,Increased frequency of urination,46,2.365384615,0,3.153404724,3.565432099
4012376,Currently not sexually active,28,5.166666667,3,2.676568916,17.92857143
4021667,Wound finding,23,3.88,1,3.728429397,3.983050847
4021915,Hematopoietic system finding,23,4,1,4.083612289,2.517241379
4024018,Immune system finding,81,1.467391304,0,3.285489985,1.748387097
4024561,Pain in lower limb,50,2.418181818,1,4.117706911,3.417391304
4025677,Single episode of major depression in full remission,37,3.358974359,1,3.567243365,4.738636364
4027396,Peripheral neuritis,47,3.132075472,1,3.85046581,5.457044674
4028387,Disorder of integument,25,3.037037037,1,3.091924967,2.126760563
4029305,Hypercholesterolemia,42,3.613636364,1,3.190432853,5.506493506
4030041,Thyroid nodule,22,2.454545455,1,3.019776088,4.244444444
4031019,Allergic contact dermatitis,33,2.175,1,3.278141565,2.392857143
4031164,Non-scarring alopecia,78,3.23255814,1,4.215238044,3
4031763,Melanocytic nevus of lower limb,36,2.05,0,2.833333333,3.088888889
4032878,Hair follicle disorder,115,2.058333333,0,2.992311531,2.506775068
4033837,Melanocytic nevus of trunk,111,2.075,0,2.711790618,2.69379845
4033839,Melanocytic nevus of upper limb,39,2.2,0,3.259575326,2.694736842
4035422,Disorder of patellofemoral joint,36,2.102564103,1,3.366855252,3.009345794
4035439,Idiopathic osteoarthritis,149,3,1,3.532723858,5.64983165
4035611,Seropositive rheumatoid arthritis,37,4.615384615,3,3.779587978,26
4036620,Dry eyes,22,4.230769231,1.5,4.267058965,3.808823529
4038502,Eye / vision finding,26,2.857142857,2,2.667467828,2.102702703
4041283,General finding of observation of patient,189,2.620689655,0,4.036497624,2.836852207
4041285,Urogenital finding,103,2.7,1,3.901875644,2.617977528
4041437,Radiologic finding,33,4.166666667,1,3.699918099,3.428571429
4042728,Blood glucose abnormal,127,3.323308271,1,3.99490364,3.227642276
4042835,Disorder of face,22,2.625,1,4.020779361,2.244897959
4042836,Disorder of head,26,3.137931034,1.5,4.699590817,2.13559322
4043042,Sexually active,55,4.172413793,3,3.323723521,18.27272727
4043371,Inflammatory disorder of digestive tract,36,3.948717949,1,4.058696327,2.900442478
4048512,Sprain of upper extremity,41,3.209302326,1,4.165918632,2.529850746
4049623,"Moderate major depression, single episode",26,3.142857143,2.5,4.512717073,6.95
4051642,"Gestation period, 20 weeks",21,7.590909091,4,3.525417908,1.5
4052226,Sequelae of injuries of lower limb,21,4,2,5.912859271,3.595744681
4056713,"Injury of muscle and tendon of abdomen, lower back and pelvis",27,2.833333333,0,3.119189755,2.103092784
4056770,Breast signs and symptoms,39,2.727272727,1,2.252304263,3.705069124
4057044,Injury of muscle and tendon at neck level,20,2.75,0,4.718106221,1.444444444
4057826,Irritable bowel syndrome with diarrhea,47,2.62,1,3.854187866,3.480769231
4058388,Hypertrophic scar,20,2.19047619,0,3.379504791,3.4
4059015,Falls,36,4.342105263,2,3.238042717,3.252525253
4059049,Mammography abnormal,50,2.68627451,1,4.217601601,4.609865471
4059290,Steatosis of liver,144,3.7625,2,4.407536634,6.182758621
4060424,"Mental disorders during pregnancy, childbirth and the puerperium",21,4.952380952,3,6.240802757,2.75
4061844,Skin changes due to chronic exposure to non-ionizing radiation,143,2.397435897,0,2.309436617,3.26875
4065364,Follicular cysts of skin and subcutaneous tissue,22,1.37037037,-0.5,3.090622599,1.712328767
4067069,Callosity,58,1.786885246,0,3.119761187,3.230337079
4068482,Prolapsed lumbar intervertebral disc,71,2.842105263,1,3.277261457,3.189189189
4068613,Cervical spondylosis with radiculopathy,21,2.181818182,0,3.534186779,3.211538462
4068847,Segmental and somatic dysfunction,22,3.47826087,1,3.592018569,16.67391304
4069654,Connective tissue and disc stenosis of intervertebral foramina,28,1.448275862,0.5,4.121661708,1.783333333
4077577,Moderate recurrent major depression,134,4.684931507,2,4.488366988,18.95340502
4077895,Pain in finger,84,2.384615385,0,3.589204186,3.721991701
4079749,Osteoarthritis of hip,139,3.204081633,1,3.553880957,7.123188406
4079750,Osteoarthritis of knee,376,3.555555556,1,3.72322498,10.53365973
4081648,Acute vaginitis,53,3.454545455,1,5.430588525,2.575
4083556,Seronegative rheumatoid arthritis,26,2.846153846,1.5,3.840072115,11.0952381
4084966,Candida infection of genital region,41,1.886363636,0,4.848308732,2.338289963
4085075,At risk - finding,30,3.258064516,2,3.539757768,3.811320755
4085100,Viral upper respiratory tract infection,29,2.612903226,1,2.253076714,1.172839506
4086701,No abnormality detected - examination result,125,2.449612403,1,2.663928702,3.558823529
4088110,Posterior vitreous detachment,30,2.515151515,1,1.964044619,3.467741935
4088740,Pounding heart,26,1.851851852,1,3.348708132,3.5
4089462,Ventricular premature complex,74,3.8125,1,5.119309584,5.15
4090425,Altered sensation of skin,76,2.035714286,1,2.912405408,3.151125402
4091513,Passing flatus,23,2.083333333,0,3.139698634,2.114942529
4092538,Herpesviral vesicular dermatitis,39,3.441860465,2,2.553080223,2.18
4092743,Unsteady when standing,26,1.464285714,1,2.883374092,3.166666667
4092879,Absent kidney,20,4.476190476,2,3.734265235,6.903225806
4093347,Stool finding,57,1.661538462,0,4.186219785,2.140243902
4094294,Clinical history and observation findings,29,1.903225806,0,4.097638392,1.723684211
4094742,Unstable knee,23,2.416666667,1,3.203876111,4.508196721
4095793,Female genitalia finding,24,2.428571429,1,2.483277404,1.921052632
4096682,Bleeding from nose,44,3.4,0.5,3.591156627,3.54822335
4098604,Hypomagnesemia,25,4.677419355,1,5.049752469,5.337662338
4100662,Cellulitis of finger,25,1.428571429,0,3.718422605,2.111111111
4101747,Localization-related(focal)(partial)idiopathic epilepsy and epileptic syndromes with seizures of localized onset,22,4.304347826,2,3.682472819,10.5
4101918,Noninflammatory disorder of the female genital organs,25,2.107142857,-1,3.984135205,2.25
4102183,Borderline glaucoma,103,3.518518519,1,3.482599317,5.489361702
4103295,Ventricular tachycardia,28,4.838709677,4,4.229369473,12.49230769
4103703,Melena,33,2.684210526,1,4.630882827,2.536912752
4109420,Open-angle glaucoma - borderline,37,3.631578947,1,3.4430153,6.607594937
4110815,"Sensorineural hearing loss, bilateral",182,2.739583333,1,3.201303731,6.179487179
4111231,Pain in toe,79,2.38372093,0,2.98171426,3
4111409,"Aortic incompetence, non-rheumatic",38,4,1,5.30955016,5.75
4111412,"Tricuspid incompetence, non-rheumatic",39,2.380952381,-1,5.702948074,2.5
4112752,Basal cell carcinoma of skin,55,2.5,0,2.499562251,5.621621622
4112852,Benign lipomatous tumor,32,1.75,1,3.110855084,2.166666667
4113821,Anxiety state,150,4.169811321,2,4.37562907,6.576875769
4114585,"Primary gonarthrosis, bilateral",27,2.962962963,0,3.583358179,4.958333333
4115169,Pain in left arm,42,2.795454545,1,4.394854979,2.582677165
4115170,Pain in right arm,55,2.879310345,0,3.882968076,3.066225166
4115171,Pain in right lower limb,125,3.376811594,1,4.151377541,3.406940063
4115173,Atrial premature complex,41,2.837209302,0,4.462308273,3.125
4115367,Wrist joint pain,130,2.649635036,0,4.01375839,4.781496063
4115991,Knee joint effusion,96,2.682242991,1,3.647638025,2.394321767
4116166,Elbow joint pain,75,2.658227848,1,3.157316685,4.674050633
4117695,Pain in left lower limb,131,2.925170068,0,4.336722706,3.534161491
4117713,Ankle joint effusion,23,3.423076923,0,4.437533054,2.074074074
4119146,Tear of lateral meniscus of knee,23,1.833333333,-1,1.982133637,2.857142857
4119189,Lichen sclerosus et atrophicus,32,2.666666667,1,2.816283298,7.46031746
4119307,Neurogenic claudication,30,2.774193548,1,3.549485959,8.310344828
4119786,Interstitial lung disease,21,2.652173913,2,5.350567393,14.26315789
4128329,Menopause present,254,2.582089552,1,2.890124783,2.867697595
4130023,Atrophy of thyroid - acquired,35,3.783783784,2,3.583341476,8.140350877
4130372,Congenital anomaly of intestinal tract,20,2.9,1.5,2.998245101,2.547169811
4130851,Injury of upper extremity,59,2.516129032,0,3.553547959,2.911564626
4132434,"Gestation period, 8 weeks",29,2.7,1,2.959496695,2.243243243
4132891,Chronic low back pain,45,3.319148936,1,3.925184162,5.6
4132892,Acute low back pain,37,3.564102564,1,3.395368688,2.438356164
4133044,Chest discomfort,21,1.636363636,0,3.27835615,2
4133224,Lobar pneumonia,31,1.486486486,1,3.66559124,2.802631579
4134121,Lumbar radiculopathy,179,3.85492228,2,3.764503891,6.698630137
4136557,Displacements - bone,21,4.666666667,3,3.653439345,6.5
4137468,Abscess of skin and/or subcutaneous tissue,25,3.461538462,0,4.321650919,2.115942029
4138617,Psychophysiologic insomnia,47,4.365384615,2,3.73571903,4.435643564
4138760,Exacerbation of intermittent asthma,26,3.266666667,0.5,3.768901084,2.20952381
4140164,Disorder of sacrococcygeal spine,90,3.479166667,1,4.792576448,6.632075472
4141360,Chronic atrial fibrillation,22,3.695652174,1,5.89537202,10.95918367
4141454,Recurrent major depression in partial remission,94,4.39,2,4.00685754,11.56097561
4141640,Perimenopausal disorder,24,3.75,1,4.378595831,3.075757576
4142875,Solitary nodule of lung,120,3.217391304,1,3.472571598,5.551282051
4144111,Gastroesophageal reflux disease without esophagitis,795,4.067216981,2,3.968848806,7.07156799
4145825,Anorectal disorder,36,1.512820513,0,3.249786318,2.52739726
4146209,Iron deficiency,84,2.943181818,1,3.362302404,3.907608696
4146581,Mild intermittent asthma,209,3.495535714,1,3.560669556,4.894206549
4147183,General symptom,43,1.954545455,0,3.050152947,2.337209302
4147185,Cardiovascular symptoms,22,2.541666667,1,3.890547987,2
4147326,Sore throat symptom,45,3.196078431,2,3.443189736,1.771186441
4147829,Pain in pelvis,158,3.32183908,1,3.897356753,3.176733781
4149353,"Attention deficit hyperactivity disorder, predominantly inattentive type",45,5.255319149,3,4.559151082,11.14925373
4149904,"Attention deficit hyperactivity disorder, combined type",24,5.96,4,3.391966212,10.64444444
4150062,Knee pain,227,3.268,1,3.467622313,9.082129964
4150125,Persistent pain following procedure,80,4,2,4.601526989,2.058091286
4151134,Cyst of pancreas,27,3.5,1,3.647970985,9.673469388
4152347,Drowsy,59,3,0,4.246909008,2.704
4152351,"Abdominal distension, gaseous",116,1.892561983,0,3.539909536,3.576779026
4152384,Non-rheumatic aortic sclerosis,26,4.566666667,2,4.777028365,8.921568627
4152592,Lumbosacral stenosis,25,2.653846154,1,3.358074845,2.962264151
4153359,Arthritis of spine,27,3.060606061,1,2.744588044,3.590909091
4154290,Paroxysmal atrial fibrillation,112,4.680327869,2.5,4.718584727,15.84482759
4155909,Anesthesia of skin,199,2.569444444,1,3.531709347,3.31504065
4157332,Malignant neoplasm of female breast,33,5.264705882,3,5.196699127,34.55357143
4157457,Malignant neoplasm of skin of trunk,20,2.619047619,0.5,4.33953672,2.302325581
4158911,Non-rheumatic heart valve disorder,39,2.454545455,0,5.604846563,4.180851064
4159131,Dyslipidemia,32,4.470588235,1,3.88740211,6.421052632
4163261,Malignant tumor of prostate,21,4.954545455,3,4.090057631,31.4516129
4164898,Diverticulosis of large intestine without diverticulitis,206,2.126086957,0,3.390798374,1.895716946
4165998,Generalized enlarged lymph nodes,37,3.125,1,3.826178203,2.649484536
4166125,"Localized swelling, mass and lump, neck",56,2.770491803,0,4.049530997,2.975
4166126,"Localized swelling, mass and lump, trunk",29,1.75,1,3.332922799,3.078431373
4166144,Abnormal level of blood mineral,26,3.038461538,1,2.591109059,3.1
4166231,Genetic predisposition,62,4.938461538,3,4.730187046,24.7961165
4166666,Shoulder pain,66,3.253731343,1,4.250353064,7.986046512
4167097,Spondylolisthesis,35,2.648648649,0,3.412286254,4.032608696
4167102,Laceration of finger,31,2.5,1,2.873684832,1.96
4167696,Estrogen receptor positive tumor,22,7.090909091,4,4.998917632,25.38
4168217,Generalized hyperhidrosis,58,2.983333333,0,4.328642349,3.653153153
4168222,"Intra-abdominal and pelvic swelling, mass and lump",36,2.487179487,1,3.047116774,4.289617486
4168686,Jaw pain,30,3.242424242,1,4.728125677,2.755813953
4168694,Lung field abnormal,45,3.653061224,1,3.560870396,4.571428571
4168700,Localized enlarged lymph nodes,84,3.382022472,1,4.078405412,3.026041667
4168701,"Localized swelling, mass and lump, upper limb",37,2.069767442,0,3.125022522,2.507936508
4168796,Muscle strain,61,2.852941176,1,4.248239751,2.151658768
4169095,Bradycardia,119,2.593984962,0,4.474905898,3.609848485
4169580,Pain in spine,22,3.652173913,1,4.328502135,2.223684211
4169905,Foot pain,108,2.330434783,0,2.70857196,3.228125
4169954,Genitourinary tract hemorrhage,124,3.07518797,1,3.744906498,3.162983425
4170554,Hip pain,337,3.359550562,1,4.286755384,7.983152828
4170770,Epidermoid cyst,73,2.139240506,1,2.587803615,2.151219512
4171394,Abnormal menstrual cycle,58,2.515625,0.5,3.937349657,2.324840764
4171912,Abnormal cytological finding in specimen from female genital organ,21,1.304347826,0,2.293884208,3.798076923
4171917,Localized edema,134,2.882758621,1,3.666277274,4.142414861
4171919,"Localized swelling, mass and lump, lower limb",38,2.325,1,2.931168648,2.614457831
4172432,Hyperpigmentation of skin,270,2.493006993,0,3.000335013,2.622262774
4172857,Menopause finding,33,1.486486486,0,2.647182608,3.083932854
4172970,Nontraumatic rotator cuff tear,81,3.022222222,1,3.895668693,7.266094421
4173734,Acute pansinusitis,26,2.363636364,1,3.168353127,1.575342466
4173780,Iliotibial band friction syndrome,38,1.952380952,0,3.202950276,4
4174262,Polyneuropathy,139,4.068027211,2,4.662076775,5.940251572
4175154,Disorder of the peripheral nervous system,20,4.428571429,0,3.127130852,5.953488372
4176908,Snapping thumb syndrome,28,2.741935484,1,3.666486287,3.451612903
4178431,Cartilage disorder,22,2.681818182,0,2.922150071,6.955555556
4180628,Disorder of body system,96,3.076923077,1,3.263232172,2.495912807
4181583,Upper respiratory infection,29,1.866666667,1,2.807888255,1.363636364
4182198,Ganglion of hand,20,3.136363636,0.5,2.090076805,2.044444444
4182562,Lower abdominal pain,65,3.211267606,1,4.275208047,2.644549763
4185471,Disorder of pigmentation,107,2.304347826,0,3.489586999,2.358156028
4188155,Hernia of anterior abdominal wall,29,2.935483871,1,3.439483866,4.033333333
4188598,High risk pregnancy,54,8.368421053,7,5.165364683,11.805
4191597,Disorder of refraction,36,3.27027027,1,2.102719328,2.305882353
4192174,Illness,31,2.676470588,1,3.646179323,2.060402685
4193620,"Keratoconjunctivitis sicca, in Sj√∂gren's syndrome",26,3.461538462,1,3.111517068,5.108108108
4193704,Type 2 diabetes mellitus without complication,379,5.452685422,3,4.296542282,26.28970588
4194160,Thyroid function tests abnormal,42,1.863636364,0,2.274562663,4.030487805
4194889,Enthesopathy of lower limb,28,2.793103448,1,3.073181486,2.629032258
4195039,Osteopenia,52,2.527272727,1,2.407880476,5.539130435
4195085,Nasal congestion,119,2.515873016,0,3.289458677,2.191358025
4195572,"Mild major depression, single episode",37,3.243243243,1,3.718915209,4.424528302
4196684,Senile angioma,53,1.836065574,0,3.672357812,2.051724138
4197476,"Localized, primary osteoarthritis of the wrist",27,3.214285714,2,3.821143756,2.851851852
4200056,Finding of vision of eye,38,3,0.5,2.375341557,1.504
4201745,Disorder of digestive system,141,2.973333333,1,3.674110524,2.64516129
4204199,Hand pain,105,2.310344828,1,3.602298818,3.648208469
4204991,Lichen simplex chronicus,24,1.44,0.5,3.15281103,2.518518519
4206148,Syncope and collapse,30,4.064516129,1,4.678638175,5.197986577
4207186,Viral infection by site,20,3.333333333,1,2.661123625,1.34939759
4208390,Inflammation of sacroiliac joint,21,2.481481481,0,3.323795879,4
4208857,Pain in wrist,20,2.55,0,2.327750213,3.880952381
4209423,Nicotine dependence,89,4.22,2,4.00312697,4.959854015
4211231,Panic disorder without agoraphobia,63,3.315068493,1,4.887259422,6.757142857
4213540,Cervical somatic dysfunction,23,5.208333333,4,4.571781466,21.5
4214376,Hyperglycemia,161,2.606936416,1,3.631823199,3.672544081
4215402,Primary insomnia,67,4.708333333,2,4.853437656,4.337837838
4216083,Cervico-occipital neuralgia,45,3.382978723,0,5.328122454,6.571428571
4216244,Preoperative state,161,3.235294118,1,4.090275925,4.4921875
4216397,Nerve root disorder,38,3.414634146,1,3.906171941,2.798165138
4216644,Rectal polyp,40,1.75,0,3.438004042,1.968421053
4217557,Simple obesity,22,3.652173913,1,3.092022972,5.810810811
4218813,Third trimester pregnancy,55,8.593220339,8,6.173692421,8.823129252
4222174,Rheumatic disease of mitral valve,20,3.454545455,1.5,5.838844514,4.933333333
4223659,Fatigue,524,2.921708185,1,3.990821044,4.113833992
4223938,Dizziness,25,3.407407407,1,3.139532874,3
4224558,Anterior chamber intraocular lens present,23,2.461538462,0,3.018388964,5.043478261
4224926,Obstruction of esophagus,28,3.344827586,1.5,3.001542813,4.278481013
4224968,Tinea corporis,25,2.36,1,2.602562839,2.119266055
4225273,Chronic gastritis,60,2.765625,0,3.978189123,1.782051282
4225324,Resistance to activated protein C due to Factor V Leiden,21,5.523809524,3,3.598280012,12.59375
4226991,Xerostomia,34,3.051282051,0,3.713443324,3.5625
4228361,Asteatosis cutis,78,2.209302326,0,3.169456506,2.687804878
4228802,Mild recurrent major depression,77,3.726190476,2,4.914998597,8.973684211
4229440,Chronic congestive heart failure,25,4.52,2,4.163331999,12.08
4229909,Disorder of the nose,21,2.818181818,1,4.118483308,2.282608696
4230641,Chronic pansinusitis,22,3.56,1,4.328502135,5.127272727
4232697,Persistent atrial fibrillation,20,6.666666667,3.5,6.676549692,13.54716981
4234788,Irritable bowel syndrome characterized by alternating bowel habit,38,2.564102564,-0.5,3.544173589,2.515625
4236484,Paresthesia,215,2.519148936,1,3.329137401,3.334572491
4239938,First trimester pregnancy,46,6,3.5,3.740107725,6.178571429
4242103,Osteoarthrosis of the carpometacarpal joint of the thumb,62,2.594202899,0,3.471421437,4.913669065
4242574,Intertrigo,35,2.864864865,1,3.727481408,2.769230769
4243587,Benign neoplasm of skin of upper limb,20,2.095238095,0,2.903718125,2.491525424
4244438,Second trimester pregnancy,45,9.24,7,3.759566921,6.568965517
4244662,Disorder of musculoskeletal system,74,2.9625,1,4.612351622,3.339473684
4245252,Raised prostate specific antigen,75,4.155844156,1,3.730806738,14.6993865
4245842,Umbilical hernia,25,3.862068966,2,4.18608807,4.126213592
4248728,Snoring,167,3.06043956,1,3.626052634,2.568965517
4252872,Mitral valve prolapse,25,3.448275862,1,5.111425111,8.126760563
4254485,Finding related to attentiveness,79,2.930232558,1,3.739922085,3.370165746
4256761,Imaging result abnormal,41,2.318181818,1,3.085765905,2.62
4260535,Diverticulitis of large intestine,40,2.638297872,1,3.993263558,2.923076923
4261072,Irritable bowel syndrome characterized by constipation,27,3.655172414,0,4.475001791,2.425925926
4263748,Recurrent major depression in full remission,59,3.868852459,2,2.985157125,11.24427481
4263848,Dyspnea on exertion,21,3.318181818,1,4.565919299,3.933333333
4265749,Meibomian gland dysfunction,35,2.833333333,1,2.727697955,2.557142857
4266809,Diverticular disease,63,3.362318841,1,5.004810794,2.583333333
4270024,Acute non-ST segment elevation myocardial infarction,22,3.652173913,1.5,3.439017276,7.7
4271013,Melanocytic nevus,401,2.576470588,1,3.218393211,3.473747017
4272240,Malaise,204,3.081818182,1,4.153631692,4.785296575
4273391,Suicidal thoughts,26,4.931034483,1,5.959994837,7.680555556
4275423,Supraventricular tachycardia,80,5.023529412,2,4.55062939,8.146666667
4279913,Primary ovarian failure,39,1.857142857,0,3.796617573,1.826086957
4280726,Seasonal allergic rhinitis,152,2.566037736,0,3.469430309,3.062015504
4281109,Autoimmune thyroiditis,111,4.087719298,2,3.808241419,8.535519126
4282096,"Major depression, single episode",551,4.238255034,2,4.190855138,8.326596605
4282316,Recurrent major depression,62,4.394366197,2,4.428317368,9.649122807
4285898,Polyp of colon,171,2.318918919,0,2.594760671,2.405963303
4288310,Carotid artery obstruction,43,3.288888889,1,3.229329873,5.113636364
4288544,Inguinal hernia,32,2.371428571,2,2.334653045,6.818965517
4289526,Nonulcer dyspepsia,22,1.666666667,1,2.648613131,2.5
4295261,Postmenopausal state,73,2.705128205,1,2.909204414,3.863192182
4297799,Multiple benign melanocytic nevi,76,2.385542169,0,3.570124574,2.059259259
4297894,Greater trochanteric pain syndrome,94,2.510204082,0,3.3995202,5.654028436
4299417,Basal cell carcinoma of face,34,2.764705882,1,3.1369513,4.36
4299535,Pregnant,22,8.043478261,7.5,6.225384426,5.5
4299551,Lentiginosis,44,2.630434783,1,3.892585243,3.134615385
4301699,Neuropathy,47,5.458333333,1,6.294499309,3.981132075
4302537,Digestive system finding,49,1.68627451,0,4.691322138,2.319727891
4302739,Thigh pain,28,2.774193548,0,4.591659105,3.455696203
4303233,Gastric polyp,35,3.583333333,2,3.768957683,2.436170213
4303401,Finding reported by subject or history provider,37,2.025641026,1,5.729382674,2.030534351
4305080,Abnormal breathing,117,2.453846154,0,4.30224172,3.701072386
4305500,Vasomotor rhinitis,21,2.409090909,1,2.632217968,2.765957447
4305841,Periodic limb movement disorder,32,2.621621622,0.5,3.849879554,3.970588235
4306267,Coag./bleeding tests abnormal,20,3.84,1.5,3.575869419,3.546875
4306292,Upper abdominal pain,35,1.846153846,-1,4.169114127,3.603603604
4307820,Unplanned pregnancy,23,7.434782609,5,5.049165391,5.410480349
4307956,Bipolar II disorder,23,5.652173913,3,4.656161713,40.71111111
4308093,Dupuytren's disease of palm,21,2.272727273,1,1.96153487,6.183333333
4308509,Impaired fasting glycemia,156,3.167664671,1,3.267321975,8.848866499
4309345,Asymptomatic,65,2.626865672,1,3.019328759,2.486111111
4310235,Reduced mobility,47,4.181818182,3,5.299625595,8.21978022
4311499,Primary malignant neoplasm of respiratory tract,21,6.25,4,5.418662636,27.47619048
4311629,Impaired glucose tolerance,46,3.62745098,1,3.90818539,5.564356436
4314161,"Migraine without aura, not refractory",25,4.346153846,2,2.823709145,6.227272727
4316083,Skin lesion,47,2.106382979,0,2.702313395,1.795031056
4317258,Disorder of skin,100,2.447619048,1,3.062249784,2.753036437
4317977,Bilateral cataracts,50,2.096153846,0,2.402039949,3.747474747
4318699,Disorder of lacrimal gland,29,2.53125,1,2.512530175,3.09375
4320944,Cellulitis of toe,25,2.153846154,0,2.961981319,2.236111111
4322024,Pulmonary hypertension,26,4,1.5,4.612357982,5.647058824
4324765,Arthropathy of knee joint,24,1.5,1,2.25863881,2.652985075
4327889,Thromboembolism of vein,22,6.086956522,1,4.643339968,4.115384615
4329041,Pain,233,2.884,1,3.775745327,3.986111111
4330445,Pleuritic pain,75,2.556962025,0,3.407305347,2.657754011
4336254,Dystrophia unguium,31,3.03030303,1,3.32051298,3
4338031,Mixed anxiety and depressive disorder,41,4.177777778,2,4.478403461,6
4338120,Altered bowel function,62,2.287878788,0,3.236532933,2.844155844
4339092,Male pattern alopecia,22,2.772727273,0,2.36496799,3.971428571
4344500,Impingement syndrome of shoulder region,76,2.961538462,1,3.4713868,5.284263959
4346975,Lumbar spondylosis,161,3.202312139,1,3.701330129,3.904899135
4347174,Synovial cyst of knee,22,1.291666667,0,2.801128406,2.275862069
4347178,Enthesopathy of foot region,29,2.4,0,3.979627925,2.394230769
35624213,Secondary cataract,35,2.583333333,1,2.451204472,4.904109589
35624677,Sebaceous cyst of skin,25,2.24137931,1,3.014962686,2.642140468
36684319,Adjustment disorder with mixed anxiety and depressed mood,47,2.7,1,3.988303899,9.838383838
36684613,Dermatochalasis of right upper eyelid,22,1.739130435,0,3.469408672,3.487804878
36684676,Dermatochalasis of left upper eyelid,23,1.541666667,0,3.175996934,3.418604651
36684746,Bilateral vitreous degeneration of eyes,23,2.8,1,2.280697487,2.636363636
36684758,Bilateral regular astigmatism,31,2.421052632,0,3.496542071,2.84375
36684770,Bilateral myopia of eyes,65,3.126760563,1,3.352811679,4.038461538
36684799,Bilateral eye astigmatism,31,2.264705882,1,3.224236177,2.428571429
36712983,Angina co-occurrent and due to coronary arteriosclerosis,44,3.4,1.5,3.473244153,7.670731707
36713107,Lumbar spondylolisthesis,41,1.977777778,0,3.115461051,5.609195402
36713111,Osteoarthritis of right knee joint,40,2.261904762,1,2.885751913,4.843373494
36713126,Blepharitis of left eyelid,28,3.178571429,0,2.422338719,3.025974026
36713918,Somatic dysfunction of lumbar region,28,4.607142857,2,3.726602493,15.73584906
36713926,Somatic dysfunction of thoracic region,33,4.470588235,2,4.465778971,15.7
36714126,Difficulty walking,36,3.948717949,2,4.052336187,9.571428571
36714686,Somatic dysfunction of pelvic region,20,4.25,1,4.178894339,13.33928571
36715916,Internal hemorrhoids grade I,24,2.4,1,2.38617698,1.890909091
36716935,Acquired absence of cervix and uterus,21,2.5,0,4.563832976,3.924528302
36717036,Osteoarthritis of left knee joint,41,3.97826087,1,3.919463627,6.311688312
36717114,"Human papillomavirus deoxyribonucleic acid test positive, high risk on cervical specimen",39,2.390243902,1,3.041103926,3.476635514
36717267,Ectasia of thoracic aorta,35,4.685714286,2,3.267358299,8.037037037
37016130,Lesion of oral mucosa,25,2.423076923,0,3.360059523,1.861702128
37016349,Hyperglycemia due to type 2 diabetes mellitus,85,4.585106383,2,4.727800846,9.508287293
37017182,Joint pain of pelvic region,67,3.179104478,1,3.304534116,5.663516068
37017432,Polyneuropathy due to type 2 diabetes mellitus,29,4.166666667,2,3.423693163,9.985074627
37018196,Prediabetes,191,3.357487923,1,3.336909994,6.397222222
37018854,Hematuria co-occurrent and due to acute cystitis,55,1.883333333,0,2.967841102,1.639240506
37109050,Meibomian gland dysfunction of right eye,34,2.6,0.5,2.625800956,2.466666667
37110322,Diverticulosis of large intestine,43,1.717391304,0,2.735072239,1.807228916
37119138,Iron deficiency anemia due to blood loss,58,4.278688525,1,4.232075829,6.037735849
37206607,Overactive bladder,29,1.96969697,0,4.018736904,3.973684211
37311061,COVID-19,54,3.178571429,1,3.262561062,2.428571429
40304526,Nocturia,73,3.025316456,1,2.943726399,3.338164251
40326053,Dysphonia,57,4.428571429,2,4.212851801,7.057591623
40405599,Fibromyalgia,119,5.227642276,3,4.739654135,11.34234234
40443308,Polycystic ovary syndrome,55,5.118644068,1,4.304879386,6.780487805
40480893,Nonspecific tuberculin test reaction,24,2.92,1,4.03157825,4.875
40481089,Embolism from thrombosis of vein of lower extremity,35,4.275,3,4.97252958,7.285714286
40481101,Erythema of skin,26,2.689655172,1,5.02746304,2.263473054
40481302,Injury of superior glenoid labrum of shoulder joint,22,2.956521739,2,3.062480674,6.863636364
40481319,Imaging of musculoskeletal system abnormal,20,3.045454545,0,4.196176204,2.00862069
40481325,Strain of muscle and/or tendon of lower leg,32,2.486486486,1.5,3.913891719,1.962025316
40481385,Imaging of abdomen abnormal,31,2.857142857,1,5.836481485,2.070175439
40481632,Ganglion cyst,24,2.444444444,0,3.116110545,4.25
40481919,Coronary atherosclerosis,44,4.230769231,1,5.719297108,11.47142857
40482267,Imaging of gastrointestinal tract abnormal,28,3.633333333,1,3.961454492,2.302083333
40482662,Disorder of joint of ankle and/or foot,34,2.153846154,1,3.618628767,2.855345912
40483107,Inflamed seborrheic keratosis,127,1.992537313,0,2.913213715,3.346153846
40483134,Strain of muscle and/or tendon of thigh,22,2.416666667,1,3.090622599,3.905660377
40483287,Disorder of kidney and/or ureter,75,3.305882353,1,3.491301933,5.171755725
40483292,Displacement of cervical intervertebral disc,30,4.903225806,1.5,4.298623142,2.93
40484102,Abnormal finding on evaluation procedure,60,2.313432836,1,4.537944232,2.692771084
40484532,Nonalcoholic steatohepatitis,27,4.655172414,2,3.600015828,8.5
40484908,Imaging of brain abnormal,26,3.076923077,0,3.557873176,2.376811594
40484935,Measurement finding above reference range,24,3.458333333,1.5,4.447560804,3.461538462
40568467,Seborrheic keratosis,47,2.72,0,3.539913816,4.810810811
42537251,Polyp of nasal cavity and/or nasal sinus,22,3.545454545,1,5.411427703,9
42537729,Aortocoronary bypass graft present,32,5.424242424,2.5,5.20196923,16.95
42537730,Coronary artery graft present,50,3.923076923,2,4.061818232,9.033333333
42537748,Acquired absence of organ,218,3.397435897,1,3.988528874,3.338174274
42538119,Transplanted heart valve present,39,6.25,4,6.584343266,22.56923077
42539502,Transplanted kidney present,26,6.346153846,4,4.166717948,103.0588235
42873169,Sprain of shoulder rotator cuff,33,2.138888889,1,3.335416016,5.351648352
43021237,Secondary erectile dysfunction,33,3.205882353,1,4.379921474,5.098265896
43021779,Hearing loss of left ear,33,2.333333333,0,3.225431613,3.348837209
43530621,Acute postoperative pain,21,2.681818182,1,4.570610046,1.915789474
43530648,New daily persistent headache,22,2.6,0,2.983722072,2.755555556
43530652,Chronic intractable migraine without aura,59,5.725806452,4,4.630092407,12.2244898
43530807,Allergic disposition,130,3.492857143,1,4.445180569,4.086124402
43530950,Complication occurring during pregnancy,28,10.23333333,7,7.325031376,4.802955665
43531003,Essential tremor,24,2.24,0.5,4.442670238,4.089285714
43531578,Chronic kidney disease due to type 2 diabetes mellitus,27,3.466666667,2,3.47887397,6.736842105
44782429,Chronic kidney disease due to hypertension,60,4.092307692,2,4.907506069,5.163934426
44783028,Injury of shoulder and upper arm,20,4.380952381,1,2.438183103,2.470149254
44783760,Mammographic calcification of breast,80,2.564705882,0,3.29823025,2.810055866
44784105,Injury of free lower limb,35,2.605263158,0,2.523835949,2.236180905
44784217,Cardiac arrhythmia,175,3.687179487,1,4.640791507,6.596694215
45757591,Osteophyte of bone,44,3.4375,1,3.730552108,1.757575758
45757650,Acquired deformity of foot,27,3.5,1,3.055050463,3.550561798
45763549,Bilateral tinnitus,85,2.7,0,3.27874062,2.813953488
45766207,Non-rheumatic mitral valve stenosis with regurgitation,78,3.024096386,1,4.663162901,5.714285714
45766714,Inflammatory dermatosis,281,2.781879195,0,3.835502948,3.776268116
45768450,Pain due to varicose veins of lower extremity,30,2.032258065,1,2.612085088,5.507246377
45768908,Exercise induced bronchospasm,40,3,1,3.644454868,5.333333333
45768910,Uncomplicated asthma,341,3.846774194,1,4.195502656,5.758344459
45768963,Uncomplicated mild persistent asthma,80,4.135802469,2,4.221704017,4.333333333
45768964,Uncomplicated moderate persistent asthma,87,4.133333333,2,4.120187163,5.875776398
45768965,Uncomplicated severe persistent asthma,20,4.217391304,2,3.377947056,10.56410256
45769242,Patient denies drug use,40,2.911111111,0,4.858972668,6.445255474
45769461,Non-rheumatic mitral valve disease,36,2.738095238,1,4.877222733,4.775510204
45770886,Disorder of plasma protein metabolism,20,3.238095238,0,3.748332963,2.071428571
45770891,Allergic contact dermatitis caused by plant material,20,3.409090909,1,3.44696663,1.444444444
45771045,Acute exacerbation of asthma,55,4.15625,1,4.266540402,3.912442396
46271022,Chronic kidney disease,74,4.1125,2,5.003811949,7.005780347
46273463,Upper respiratory tract infection due to Influenza,75,2.195121951,0,4.011245454,1.877622378
46273487,Acute exacerbation of moderate persistent asthma,30,2.705882353,0,4.171744033,2.453125
46273539,Acute bronchospasm,20,4.761904762,2,4.773556547,2.579545455
