condition_concept_id,concept_name,pt_cnt,mean_change,median_change,sd,ev_density,Participants decrease in heart rate of grater than 2 bpm,Participants decrease in heart rate of 1 or 2 bpm,Particpants with no change,Participants increase in heart rate of 1 or 2 bpm,Participants increase in heart rate of grater than 2 bpm
320128,Essential hypertension,1272,4.89085319,3,4.03041393,22.73078782,40,97,103,286,746
432867,Hyperlipidemia,1015,3.874159462,2,3.786352833,16.10400391,47,108,120,236,504
4144111,Gastroesophageal reflux disease without esophagitis,815,4.067216981,2,4.099287047,7.07156799,39,93,83,197,403
442077,Anxiety disorder,784,4.174019608,3,4.199978652,7.780504909,43,91,68,189,393
436096,Chronic pain,743,3.591145833,2,4.118729527,10.25784903,47,101,70,191,334
254761,Cough,661,3.479015919,2,3.854662615,6.418991416,54,68,70,162,307
442588,Obstructive sleep apnea syndrome,639,4.336377473,3,3.911319953,14.01396648,21,60,55,155,348
433736,Obesity,611,4.0265625,2,4.353659446,9.61411926,43,73,58,155,282
438485,Postoperative state,597,3.446601942,2,4.358736459,7.858414239,47,69,61,140,280
4282096,"Major depression, single episode",569,4.238255034,3,4.212659923,8.326596605,35,56,41,134,303
436070,Vitamin D deficiency,535,3.092057762,2,3.488355391,7.315235008,37,66,61,133,238
4223659,Fatigue,534,2.921708185,2,4.172756124,4.113833992,49,80,65,137,203
140673,Hypothyroidism,533,4.289377289,3,3.855204547,13.83166109,,,,,
194133,Low back pain,530,3.409506399,2,4.066949178,9.34583064,47,78,56,140,209
77670,Chest pain,519,2.787430684,1,4.128604168,7.015243902,49,77,62,132,199
75909,Disorder of bone,487,2.895463511,2,3.11823278,6.498455201,23,74,67,153,170
312437,Dyspnea,460,3.782881002,2,4.540806738,7.45382794,35,40,47,121,217
78232,Shoulder joint pain,450,3.199143469,2,3.663010933,9.432134996,32,64,44,125,185
438720,Mixed hyperlipidemia,420,3.467933492,2,3.343225463,9.328337875,22,46,52,116,184
437827,Pure hypercholesterolemia,418,3.505800464,2,3.715368044,9.419090909,23,50,50,124,171
4271013,Melanocytic nevus,413,2.576470588,1,3.410362781,3.473747017,34,58,64,126,131
141932,Senile hyperkeratosis,412,2.376470588,1,2.997659502,4.743562232,26,64,61,135,126
257011,Acute upper respiratory infection,408,3.002392344,2,3.442096334,3.591178407,30,48,29,124,177
4193704,Type 2 diabetes mellitus without complication,385,5.452685422,4,4.373806269,26.28970588,,,,,
4079750,Osteoarthritis of knee,384,3.555555556,2,3.765047233,10.53365973,,,,,
433316,Dizziness and giddiness,379,3.125944584,1,4.279219856,5.751494449,39,51,44,100,145
257007,Allergic rhinitis,376,3.303258145,2,3.721205288,11.05243446,32,43,45,102,154
762297,Pain in right knee,372,3.021220159,2,3.608464031,6.118421053,33,50,48,105,136
378253,Headache,371,3.574742268,2,3.777369705,6.01423221,26,57,37,80,171
200219,Abdominal pain,368,3.125,2,3.965621091,6.018567639,30,55,47,93,143
24134,Neck pain,352,3.763888889,2,3.870809345,9.977292576,24,44,33,87,164
45768910,Uncomplicated asthma,352,3.846774194,2,4.434206898,5.758344459,27,46,36,75,168
436230,Blood chemistry abnormal,347,2.824175824,1,4.110031097,4.208595388,39,53,47,92,116
434005,Morbid obesity,345,4.822404372,4,4.896880692,13.44397163,22,26,36,63,198
4170554,Hip pain,342,3.359550562,2,4.197296994,7.983152828,22,43,43,84,150
25297,Acute pharyngitis,330,3.267045455,2,3.591794195,4.909090909,25,31,38,85,151
315078,Palpitations,329,2.967647059,1,4.273578587,6.394176932,32,44,50,80,123
762289,Pain in left knee,324,2.939577039,1,3.478481802,5.711888112,25,48,43,96,112
80180,Osteoarthritis,295,3.122580645,2,3.686851562,5.493184634,,,,,
439777,Anemia,290,3.719354839,2,4.868067274,6.241025641,29,31,30,67,133
196523,Diarrhea,285,2.996587031,2,4.52813733,6.089852008,29,38,37,67,114
436962,Insomnia,285,3.586885246,2,4.096721043,6.346991037,24,42,27,58,134
45766714,Inflammatory dermatosis,283,2.781879195,1,3.631719187,3.776268116,21,47,47,89,79
200174,Disorder of skin and/or subcutaneous tissue,281,2.553633218,1,2.956325025,4.199786325,23,43,38,83,94
318736,Migraine,276,3.903114187,2,4.332666919,8.75030012,,,,,
4172432,Hyperpigmentation of skin,274,2.493006993,1,2.999514234,2.622262774,21,44,38,86,85
138825,Actinic keratosis,269,2.580882353,1,2.937048747,7.393634841,,,,,
379805,Myopia,267,2.8,2,3.268468601,9.190412783,,,,,
434613,Generalized anxiety disorder,265,4.443636364,3,4.00071463,14.97389886,,,,,
197684,Dysuria,264,2.768421053,2,3.671144445,4.438752784,,,,,
4128329,Menopause present,260,2.582089552,2,2.998207563,2.867697595,,,,,
373478,Presbyopia,255,2.481751825,1,3.014206494,8.2368,,,,,
140214,Eruption,251,2.833333333,1,4.176210372,3.686440678,27,33,37,73,81
439297,Nuclear senile cataract,245,2.904761905,1,3.385650549,7.551984877,,,,,
434169,Abnormal findings on diagnostic imaging of breast,242,2.656126482,1,3.440353325,4.255896226,24,33,35,67,83
80502,Osteoporosis,238,3.5,2,3.098691066,11.96730769,,,,,
4329041,Pain,236,2.884,2,3.371212531,3.986111111,,,,,
75860,Constipation,234,3.449799197,2,4.233078094,4.601029601,,,,,
195562,Hemorrhoids,234,2.489878543,1,3.251216994,2.65248227,,,,,
4150062,Knee pain,233,3.268,2,3.612102476,9.082129964,,,,,
138384,Acquired hypothyroidism,232,3.805084746,3,3.533218875,13.77658143,,,,,
764123,Atherosclerosis of coronary artery without angina pectoris,231,4.736625514,3,4.165858382,11.48469388,,,,,
42537748,Acquired absence of organ,230,3.397435897,2,4.093888159,3.338174274,26,30,26,55,93
765131,Pain in left foot,228,2.518828452,1,3.623381469,3.761523046,,,,,
4236484,Paresthesia,225,2.519148936,1,3.1523297,3.334572491,20,34,31,56,84
138525,Pain in limb,224,2.773913043,1,3.617433122,5.794889993,,,,,
378735,Migraine without aura,222,4.331877729,3,4.100576085,8.54767184,,,,,
313459,Sleep apnea,216,4.065217391,3,4.390673598,5.261306533,,,,,
437677,Abnormal findings on diagnostic imaging of lung,215,3.829596413,2,4.537568073,4.465324385,,,,,
762294,Pain in right foot,215,2.366515837,1,3.482892022,3.424408015,25,48,24,50,68
81902,Urinary tract infectious disease,213,3.370535714,2,3.923351009,5.626679463,,,,,
4146581,Mild intermittent asthma,213,3.495535714,2,3.596585028,4.894206549,,,,,
138102,Benign neoplasm of skin,212,2.608888889,1,3.354905012,4.060240964,,,,,
4164898,Diverticulosis of large intestine without diverticulitis,211,2.126086957,1,3.075951229,1.895716946,,,,,
442752,Muscle pain,210,3.293577982,1.5,4.648952481,5.640138408,21,37,23,49,80
4272240,Malaise,209,3.081818182,2,3.951019352,4.785296575,23,28,20,52,86
31967,Nausea,208,3.292792793,1.5,4.755524472,4.593575419,26,32,24,40,86
135777,Neoplasm of uncertain behavior of skin,208,2.246511628,1,3.275299578,4.255319149,,,,,
4155909,Anesthesia of skin,207,2.569444444,1,3.65398757,3.31504065,22,33,29,55,68
378427,Tear film insufficiency,204,3.081730769,1,2.948690296,6.053333333,,,,,
134736,Backache,201,3.171428571,1,4.065716388,5.115718419,20,31,27,48,75
200843,Finding of frequency of urination,197,2.882926829,2,3.356089662,2.76427256,,,,,
4041283,General finding of observation of patient,196,2.620689655,1,4.323287676,2.836852207,24,26,32,45,69
37018196,Prediabetes,195,3.357487923,2,3.235271839,6.397222222,,,,,
376208,Disorder of soft tissue,191,2.922680412,1,3.738644053,2.750491159,,,,,
135287,Non-neoplastic nevus,187,1.937172775,1,2.883951378,2.806976744,,,,,
4110815,"Sensorineural hearing loss, bilateral",186,2.739583333,1,3.273225864,6.179487179,,,,,
44784217,Cardiac arrhythmia,186,3.687179487,2,4.932146389,6.596694215,,,,,
197381,Epigastric pain,183,2.62755102,2,3.7659168,4.5456,,,,,
4134121,Lumbar radiculopathy,183,3.85492228,3,3.774048174,6.698630137,,,,,
437663,Fever,181,3.37244898,2,4.922867301,4.697792869,,,,,
440029,Viral disease,179,3.015873016,2,3.60938802,1.921752739,,,,,
444070,Tachycardia,177,5.282608696,4,5.815345735,4.988864143,,,,,
77074,Joint pain,176,2.72972973,2,3.660986844,5.110275689,,,,,
436659,Iron deficiency anemia,176,3.881081081,3,4.282477132,8.325443787,,,,,
4285898,Polyp of colon,176,2.318918919,1,2.777249878,2.405963303,,,,,
4248728,Snoring,175,3.06043956,2,3.809934296,2.568965517,,,,,
78508,Arthralgia of the ankle and/or foot,174,2.924324324,1,3.844327237,5.881773399,,,,,
198400,Hemangioma of skin and subcutaneous tissue,174,1.784946237,0.5,2.603699397,3.851415094,,,,,
195867,Noninflammatory disorder of the vagina,172,2.904255319,1.5,3.816029809,2.940108893,,,,,
378424,Astigmatism,169,2.569060773,1,3.279922186,5.210953347,,,,,
135930,Musculoskeletal finding,168,3.660714286,3,4.026745309,6.549618321,,,,,
444239,Postprocedural state finding,168,3.707602339,2,4.323314293,4.605657238,,,,,
439407,Disorder of nasal cavity,167,2.88,1,4.049794671,3.301184433,,,,,
31317,Dysphagia,166,3.573033708,2,3.485766185,5.073076923,,,,,
257012,Chronic sinusitis,166,3.039548023,2,3.600297136,5.914179104,,,,,
4216244,Preoperative state,164,3.235294118,2,3.835558213,4.4921875,,,,,
437758,Dependence on enabling machine or device,163,3.523809524,3,4.492792582,5.427083333,,,,,
4214376,Hyperglycemia,163,2.606936416,1,3.633580662,3.672544081,,,,,
141095,Acne,162,3.213017751,2,3.26983457,6.963833635,,,,,
201618,Disorder of intestine,162,2.728915663,1,3.710086518,3.84375,20,32,21,37,52
4147829,Pain in pelvis,162,3.32183908,2,3.615612738,3.176733781,,,,,
4346975,Lumbar spondylosis,161,3.202312139,2,3.617353791,3.904899135,,,,,
201826,Type 2 diabetes mellitus,160,4.416666667,3,4.208108376,13.09090909,,,,,
134460,Plantar fascial fibromatosis,158,3.428571429,2,3.240357908,5.734736842,,,,,
4280726,Seasonal allergic rhinitis,158,2.566037736,1,3.432584046,3.062015504,,,,,
4308509,Impaired fasting glycemia,158,3.167664671,1.5,3.201357498,8.848866499,,,,,
437246,Vitamin B deficiency,157,3.320261438,2,4.202959691,15.23837209,,,,,
320536,Electrocardiogram abnormal,156,3.241176471,2,4.138223847,3.093632959,,,,,
4001450,Lumbago with sciatica,156,3.688311688,2,3.682543265,7.119186047,,,,,
134898,Non-toxic uninodular goiter,154,3.518987342,2,3.802772857,9.240540541,,,,,
4201745,Disorder of digestive system,153,2.973333333,1,3.881268026,2.64516129,,,,,
27674,Nausea and vomiting,151,4.4,2,5.002657131,4.34973638,,,,,
256439,Allergic rhinitis due to pollen,151,3.512820513,2,3.559844727,12.00505051,,,,,
4035439,Idiopathic osteoarthritis,151,3,1,3.520259874,5.64983165,,,,,
4113821,Anxiety state,151,4.169811321,2,4.333340126,6.576875769,,,,,
4059290,Steatosis of liver,150,3.7625,2,4.385577338,6.182758621,,,,,
4061844,Skin changes due to chronic exposure to non-ionizing radiation,150,2.397435897,1,2.306774383,3.26875,,,,,
318800,Gastroesophageal reflux disease,149,3.815789474,2,3.906628337,8.189271255,,,,,
435524,Sleep disorder,148,2.344155844,1,3.788699923,3.184154176,,,,,
440383,Depressive disorder,148,4,2,4.664763684,9.371308017,,,,,
201620,Kidney stone,146,3.560810811,2,3.975218464,12.44931507,,,,,
140821,Spasm,145,3.324503311,2,3.694318409,5.029535865,,,,,
380094,Carpal tunnel syndrome,144,4.081081081,2,3.434592523,7.063872255,,,,,
4079749,Osteoarthritis of hip,142,3.204081633,1,3.517930724,7.123188406,,,,,
4174262,Polyneuropathy,141,4.068027211,2,4.803378159,5.940251572,,,,,
4171917,Localized edema,139,2.882758621,2,3.732310657,4.142414861,,,,,
141323,Acute maxillary sinusitis,138,2.04109589,1,3.277440529,2.738241309,,,,,
259848,Chronic rhinitis,138,3.180555556,2,2.954367499,5.02745098,,,,,
443769,Degeneration of lumbar intervertebral disc,138,3.034722222,1,4.26023264,4.233333333,,,,,
313217,Atrial fibrillation,137,5.115646259,3,5.678974502,24.3,,,,,
4115367,Wrist joint pain,137,2.649635036,1,4.330213782,4.781496063,,,,,
4117695,Pain in left lower limb,137,2.925170068,1,4.636890272,3.534161491,,,,,
75576,Irritable bowel syndrome,136,3.333333333,2,3.690172723,7.697619048,,,,,
201061,Diaphragmatic hernia,136,3.222222222,1.5,4.253814129,4.808564232,,,,,
260123,Acute sinusitis,136,2.868055556,2,2.917222169,4.078280044,,,,,
137548,Cervical radiculopathy,135,4.122302158,2,4.272606769,5.961661342,,,,,
4077577,Moderate recurrent major depression,135,4.684931507,3,4.906736606,18.95340502,,,,,
141941,Cervical spondylosis without myelopathy,132,3.058394161,1.5,3.541066372,4.306179775,,,,,
43530807,Allergic disposition,132,3.492857143,1.5,4.288269482,4.086124402,,,,,
136773,Rosacea,131,3.142857143,2,3.574359002,7.271137026,,,,,
320420,Vitreous degeneration,131,2.496350365,1,3.491218747,6.329230769,,,,,
374375,Impacted cerumen,131,2.178082192,1,3.225613144,3.807860262,,,,,
40483107,Inflamed seborrheic keratosis,131,1.992537313,1,3.021512223,3.346153846,,,,,
372448,Loss of consciousness,130,3.065693431,2,4.109742341,4.518918919,,,,,
4115171,Pain in right lower limb,130,3.376811594,1,4.47534157,3.406940063,,,,,
4042728,Blood glucose abnormal,129,3.323308271,2,3.642715998,3.227642276,,,,,
4086701,No abnormality detected - examination result,128,2.449612403,2,2.694363832,3.558823529,,,,,
4195085,Nasal congestion,128,2.515873016,1,4.359625686,2.191358025,,,,,
198263,Right upper quadrant pain,127,2.449612403,1,3.556479148,4.561674009,,,,,
4169095,Bradycardia,127,2.593984962,1,4.465801392,3.609848485,,,,,
317009,Asthma,126,3.590909091,2,3.946861321,7.929597701,,,,,
4169954,Genitourinary tract hemorrhage,125,3.07518797,1,4.210784924,3.162983425,,,,,
201078,Atrophic vaginitis,124,2.473282443,2,2.698444443,5.692073171,,,,,
260139,Acute bronchitis,124,3.132352941,2,3.57053059,3.036161335,,,,,
4142875,Solitary nodule of lung,124,3.217391304,2,3.793170945,5.551282051,,,,,
40405599,Fibromyalgia,124,5.227642276,4,4.91170399,11.34234234,,,,,
439082,Menopausal syndrome,123,2.582677165,1,3.132933751,3.3,,,,,
73754,Restless legs,122,3.592,3,3.251920946,8.301960784,,,,,
136368,Non-toxic multinodular goiter,122,2.89516129,2,3.085567841,10.444,,,,,
432795,Traumatic AND/OR non-traumatic injury,122,2.476923077,1,3.32570142,2.618421053,,,,,
437113,Asthenia,122,3.886178862,2,4.361369257,4.712418301,,,,,
438134,Hypersomnia,122,3.177777778,1,3.704612884,4.224852071,,,,,
4305080,Abnormal breathing,122,2.453846154,1,4.618203234,3.701072386,,,,,
4152351,"Abdominal distension, gaseous",119,1.892561983,1,3.365521369,3.576779026,,,,,
136497,Scar conditions and fibrosis of skin,118,2.733333333,1,4.061243454,4.685131195,,,,,
432738,Chronic fatigue syndrome,118,2.3671875,2,4.097933746,4.97037037,,,,,
4032878,Hair follicle disorder,118,2.058333333,1,3.514502971,2.506775068,,,,,
136788,Spinal stenosis of lumbar region,117,3.588709677,2,3.785899973,9.185185185,,,,,
137809,Primary malignant neoplasm of female breast,117,4.823529412,4,4.265416898,43.77310924,,,,,
198803,Benign prostatic hyperplasia,116,3.12605042,2,3.495327787,5.863247863,,,,,
433595,Edema,116,2.367521368,1,3.868403124,5.027600849,,,,,
73840,"Localized, primary osteoarthritis of the shoulder region",115,2.825,1,3.852941262,3.685950413,,,,,
4154290,Paroxysmal atrial fibrillation,115,4.680327869,4,4.71801326,15.84482759,,,,,
137275,Disorder of muscle,114,3.767241379,2,4.310996615,7.641233766,,,,,
381549,Migraine with aura,113,3.794871795,2,4.461256874,6.843853821,,,,,
4033837,Melanocytic nevus of trunk,113,2.075,1,2.736794521,2.69379845,,,,,
4185471,Disorder of pigmentation,113,2.304347826,1,3.341474992,2.358156028,,,,,
4281109,Autoimmune thyroiditis,113,4.087719298,3,4.005724412,8.535519126,,,,,
30437,Gastro-esophageal reflux disease with esophagitis,112,3.512605042,2,4.314196433,4.087774295,,,,,
77030,Disorder of breast,112,2.276422764,1,3.551424026,3.15443038,,,,,
4169905,Foot pain,112,2.330434783,1,2.775548226,3.228125,,,,,
372409,Sciatica,111,2.982608696,2,3.437329402,4.88592233,,,,,
374034,Visual disturbance,110,2.888888889,1,5.12190019,3.352798054,,,,,
80767,Breast lump,109,2.315315315,1,3.548293105,5.662316476,,,,,
4204199,Hand pain,109,2.310344828,1,3.481346828,3.648208469,,,,,
443211,Benign prostatic hypertrophy with outflow obstruction,108,3.263636364,1,3.630223406,7.702325581,,,,,
140648,Onychomycosis due to dermatophyte,107,2.839622642,1,3.600192005,5.256716418,,,,,
312998,Pain in thoracic spine,107,2.709090909,1,4.005440666,5.470588235,,,,,
443597,Chronic kidney disease stage 3,105,3.5,2,3.760625971,18.22093023,,,,,
3655355,Erectile dysfunction,105,3.514563107,1,4.435702636,5.083333333,,,,,
4041285,Urogenital finding,105,2.7,1,3.840143656,2.617977528,,,,,
256451,Bronchitis,104,3.613445378,2,3.759764484,2.653775322,,,,,
437833,Hypokalemia,104,3.584070796,3,4.668461149,5.318965517,,,,,
4102183,Borderline glaucoma,104,3.518518519,1,4.233433203,5.489361702,,,,,
4317258,Disorder of skin,104,2.447619048,1,3.139508888,2.753036437,,,,,
194081,Acute cystitis,103,3,2,3.171534827,3.107407407,,,,,
441969,Radiology result abnormal,103,2.504424779,1,3.876422505,3.083636364,,,,,
77234,Benign neoplasm of colon,102,2.633027523,1,3.030118021,4.187165775,,,,,
77646,Disorder of bone and articular cartilage,101,2.822429907,2,2.96734705,5.181518152,,,,,
79864,Hematuria syndrome,101,2.690909091,1,3.522459762,3.648192771,,,,,
377889,Hearing loss,100,2.009803922,1,3.354162196,2.850374065,,,,,
75036,"Localized, primary osteoarthritis of the hand",99,2.01,1,3.611149961,4.74015748,,,,,
197988,Generalized abdominal pain,99,2.087378641,1,4.636197911,4.283163265,,,,,
4115991,Knee joint effusion,99,2.682242991,1,3.697876953,2.394321767,,,,,
141375,Hypertrophic condition of skin,98,2.277227723,1,3.10549827,2.332268371,,,,,
444444,Benign neoplasm of transverse colon,98,2.009615385,1,2.711377405,2.216748768,,,,,
442111,Benign neoplasm of ascending colon,97,1.616161616,0,2.645101808,2.358974359,,,,,
4141454,Recurrent major depression in partial remission,97,4.39,3,3.939948715,11.56097561,,,,,
4180628,Disorder of body system,97,3.076923077,1,3.172178238,2.495912807,,,,,
135030,Discoloration of skin,96,2.610526316,1,3.151005827,3.004555809,,,,,
196168,Irregular periods,96,2.846153846,2,4.043133664,3.754032258,,,,,
374366,Sensorineural hearing loss,95,2.745098039,2,3.710008859,5.915204678,,,,,
432545,Bacterial infectious disease,95,3.214285714,2,4.783393258,2.193037975,,,,,
4209423,Nicotine dependence,95,4.22,3,4.222665871,4.959854015,,,,,
4297894,Greater trochanteric pain syndrome,95,2.510204082,1,3.167125367,5.654028436,,,,,
380733,Otalgia,94,2.367346939,2,4.392752085,2.565217391,,,,,
200845,Urgent desire to urinate,93,2.87254902,2,3.714224707,4.093167702,,,,,
436785,Spinal stenosis in cervical region,93,3.509803922,2,3.935252026,5.898734177,,,,,
762296,Pain in right hand,93,2.1875,1,4.127270509,3.307359307,,,,,
78505,"Localized, primary osteoarthritis of the ankle and/or foot",92,2.717171717,2,4.142051835,3.285087719,,,,,
380706,Regular astigmatism,92,2.411764706,1,3.040418911,4.37037037,,,,,
438878,Liver function tests abnormal,92,3.510204082,2,3.835546769,4.346320346,,,,,
194984,Disease of liver,91,2.602150538,1,4.754125514,4.703971119,,,,,
375545,Cataract,91,2.387096774,1,3.738196728,4.774928775,,,,,
4140164,Disorder of sacrococcygeal spine,91,3.479166667,2,4.751556522,6.632075472,,,,,
79908,Muscle weakness,90,3.27173913,2,3.631410342,8.683018868,,,,,
135618,Pruritic rash,90,2.428571429,1,3.331834869,1.814189189,,,,,
197925,Hemorrhage of rectum and anus,90,2.627659574,1,2.664793349,3.194225722,,,,,
4150125,Persistent pain following procedure,90,4,3,4.72219505,2.058091286,,,,,
77630,Disorder of shoulder,89,2.820224719,2,3.580391497,3.628647215,,,,,
140168,Psoriasis,89,3.077777778,2,3.573502243,28.16756757,,,,,
318566,Flushing,89,3.225806452,2,2.632737635,3.763033175,,,,,
37016349,Hyperglycemia due to type 2 diabetes mellitus,89,4.585106383,2,4.613343882,9.508287293,,,,,
193322,Right lower quadrant pain,88,2.546511628,1,3.901008631,4.283746556,,,,,
377575,Tinnitus,88,3.285714286,1.5,3.731310095,3.895043732,,,,,
4077895,Pain in finger,88,2.384615385,1,3.147372891,3.721991701,,,,,
45768964,Uncomplicated moderate persistent asthma,88,4.133333333,3,3.906161572,5.875776398,,,,,
195083,Left lower quadrant pain,87,3.163043478,2,4.13304532,4.279569892,,,,,
436676,Posttraumatic stress disorder,87,5.238636364,4,5.108394693,34.16410256,,,,,
4146209,Iron deficiency,87,2.943181818,2,4.012943506,3.907608696,,,,,
197610,Cyst of ovary,86,2.333333333,1,3.350398633,5.308290155,,,,,
372324,Eustachian tube disorder,86,2.368421053,1,2.848884391,2.541818182,,,,,
45763549,Bilateral tinnitus,86,2.7,1,3.691840376,2.813953488,,,,,
4111231,Pain in toe,85,2.38372093,0,3.19838895,3,,,,,
4168700,Localized enlarged lymph nodes,85,3.382022472,2,4.610091233,3.026041667,,,,,
4172970,Nontraumatic rotator cuff tear,85,3.022222222,2,3.835993475,7.266094421,,,,,
137053,Seborrheic dermatitis,84,2.3,1,3.381889602,3.63028169,,,,,
195007,Female stress incontinence,84,3.433333333,1.5,3.743247889,4.814189189,,,,,
197236,Uterine leiomyoma,84,3.837209302,2,4.19632588,6.22,,,,,
255573,Chronic obstructive lung disease,84,4.776470588,3,4.48040292,13.37696335,,,,,
255848,Pneumonia,84,3.857142857,3,4.226993007,3.574468085,,,,,
438557,Abnormal glucose level,84,2.642857143,1,3.167896914,4.505154639,,,,,
441542,Anxiety,84,4.238636364,2,4.113283967,5.841269841,,,,,
73819,Pain of breast,83,1.426966292,0,3.581796797,4.060606061,,,,,
439147,Amnesia,83,3.226190476,2,3.845495321,3.778195489,,,,,
4031164,Non-scarring alopecia,83,3.23255814,1,4.31206305,3,,,,,
4275423,Supraventricular tachycardia,83,5.023529412,3,4.811980592,8.146666667,,,,,
45766207,Non-rheumatic mitral valve stenosis with regurgitation,83,3.024096386,2,4.84775563,5.714285714,,,,,
44783760,Mammographic calcification of breast,82,2.564705882,1,3.901373688,2.810055866,,,,,
4024018,Immune system finding,81,1.467391304,1,3.097240907,1.748387097,,,,,
4254485,Finding related to attentiveness,81,2.930232558,2,3.439153643,3.370165746,,,,,
40483287,Disorder of kidney and/or ureter,81,3.305882353,3,3.801112573,5.171755725,,,,,
45768963,Uncomplicated mild persistent asthma,81,4.135802469,2,4.489631402,4.333333333,,,,,
4089462,Ventricular premature complex,80,3.8125,1.5,4.973283051,5.15,,,,,
4228361,Asteatosis cutis,80,2.209302326,1,3.414391545,2.687804878,,,,,
4297799,Multiple benign melanocytic nevi,80,2.385542169,1,3.302856455,2.059259259,,,,,
4090425,Altered sensation of skin,79,2.035714286,1,2.838450236,3.151125402,,,,,
4228802,Mild recurrent major depression,79,3.726190476,2,4.826593808,8.973684211,,,,,
4330445,Pleuritic pain,79,2.556962025,1,4.278255824,2.657754011,,,,,
4344500,Impingement syndrome of shoulder region,79,2.961538462,1,3.209245003,5.284263959,,,,,
442793,Complication due to diabetes mellitus,78,4,3,4.111256609,6.360544218,,,,,
4000609,Disorder of upper gastrointestinal tract,78,3.569620253,2,3.717281509,2.554716981,,,,,
46273463,Upper respiratory tract infection due to Influenza,78,2.195121951,2,4.331808948,1.877622378,,,,,
197607,Excessive and frequent menstruation,77,3.771084337,2,4.45885726,3.505494505,,,,,
257683,Posterior rhinorrhea,77,2.4125,1,3.451103621,2.49339207,,,,,
314658,Cardiomegaly,77,3.373493976,2,4.092488493,3.70531401,,,,,
433440,Dysthymia,76,3.974358974,2.5,4.213324728,10.5530303,,,,,
4244662,Disorder of musculoskeletal system,76,2.9625,1.5,4.652465862,3.339473684,,,,,
40304526,Nocturia,76,3.025316456,2,3.192974745,3.338164251,,,,,
197320,Acute renal failure syndrome,75,4.594594595,3,5.996785926,6.727272727,,,,,
440704,Chronic pain syndrome,75,4.782051282,3,4.423198468,13.75172414,,,,,
4116166,Elbow joint pain,75,2.658227848,2,3.147256778,4.674050633,,,,,
4170770,Epidermoid cyst,75,2.139240506,1,2.82045297,2.151219512,,,,,
4245252,Raised prostate specific antigen,75,4.155844156,2,3.882647931,14.6993865,,,,,
46271022,Chronic kidney disease,75,4.1125,3,5.028280382,7.005780347,,,,,
137820,Postoperative hypothyroidism,74,4.050632911,2,4.854720181,15.39230769,,,,,
444094,Finding related to pregnancy,74,6.567567568,7,5.990922419,14.92857143,,,,,
4295261,Postmenopausal state,74,2.705128205,1.5,3.151752391,3.863192182,,,,,
80813,Lumbosacral spondylosis without myelopathy,72,3.135135135,2,3.546692788,4.690140845,,,,,
192450,Retention of urine,72,3.355263158,2,4.557728307,5.139013453,,,,,
197672,Urinary incontinence,72,3.051282051,1,3.618954405,3.797794118,,,,,
316822,Heart murmur,72,2.986842105,1,4.730759566,4.676806084,,,,,
440360,Pure hyperglyceridemia,72,3.486486486,3,3.144287117,5.859813084,,,,,
4068482,Prolapsed lumbar intervertebral disc,72,2.842105263,1.5,3.551735893,3.189189189,,,,,
314754,Wheezing,71,2.906666667,1,3.311767933,3.308,,,,,
314962,Raynaud's disease,71,3.421052632,2,3.233190549,5.941558442,,,,,
316127,Vitreous opacities,71,2.671232877,1,2.65106941,4.274774775,,,,,
321318,Angina pectoris,71,4,2,4.550410687,7.110526316,,,,,
444211,Disorder of thigh,71,2.373333333,1,2.835673867,2.632352941,,,,,
193326,Urge incontinence of urine,70,3.1,2,3.182541662,7.188571429,,,,,
440371,Disorder of immune function,70,4.197183099,3,4.80486727,7.176056338,,,,,
81878,Benign paroxysmal positional vertigo,69,2.183098592,1,3.316046393,4.090497738,,,,,
140641,Verruca vulgaris,69,2.808219178,0,3.113031214,5.516509434,,,,,
200962,Primary malignant neoplasm of prostate,69,4.457142857,3,3.759784054,37.79807692,,,,,
376415,Hypermetropia,69,2.526315789,2,2.54708432,4.762711864,,,,,
432582,Neoplastic disease of uncertain behavior,69,2.633802817,1,3.053236093,3.289940828,,,,,
432870,Thrombocytopenic disorder,69,5.136986301,3,5.116711167,6.713541667,,,,,
37017182,Joint pain of pelvic region,69,3.179104478,1,3.208909698,5.663516068,,,,,
73553,Arthropathy,68,2.391304348,2,3.876580365,4.797900262,,,,,
314131,Degeneration of cervical intervertebral disc,68,3.351351351,2,3.45000668,4.674825175,,,,,
318169,Varicose veins of lower extremity,68,2.197183099,1,3.109467545,6.211428571,,,,,
377910,Deviated nasal septum,68,3.810810811,2,3.658699808,4.602836879,,,,,
436665,Bipolar disorder,68,4.408450704,3,4.038010793,17.25308642,,,,,
4166666,Shoulder pain,68,3.253731343,2,4.142967427,7.986046512,,,,,
80809,Rheumatoid arthritis,67,4.651515152,3,4.127710244,33.19333333,,,,,
433456,Acute pain,67,2.958333333,1,3.648509792,2.731818182,,,,,
4215402,Primary insomnia,67,4.708333333,3,4.681197897,4.337837838,,,,,
4266809,Diverticular disease,67,3.362318841,1,4.617480012,2.583333333,,,,,
77635,Disorder of hand,66,4.424242424,2,6.135627168,3.924657534,,,,,
197006,Residual hemorrhoidal skin tags,66,1.835820896,0,3.076188724,2.010152284,,,,,
380111,Acute atopic conjunctivitis,66,2.447761194,1.5,4.021272109,2.766081871,,,,,
4211231,Panic disorder without agoraphobia,66,3.315068493,2,4.818210406,6.757142857,,,,,
23325,Heartburn,65,3.268656716,2,3.096756989,3.467741935,,,,,
81151,Sprain of ankle,65,3.027777778,1,3.259011176,4.104712042,,,,,
139900,Urticaria,65,3.865671642,3,3.587304002,6.317073171,,,,,
312648,Benign essential hypertension,65,3.417910448,2,2.837082738,10.41555556,,,,,
321319,Cardiomyopathy,65,5.106060606,4,4.904472057,17.57843137,,,,,
321588,Heart disease,65,3.15942029,2,4.243037283,7.005813953,,,,,
376400,Combined form of senile cataract,65,1.970588235,1,2.624954212,3.938931298,,,,,
443600,Localized infection of skin AND/OR subcutaneous tissue,65,2.926470588,1,3.576431935,2.900398406,,,,,
4182562,Lower abdominal pain,65,3.211267606,2,4.266258494,2.644549763,,,,,
4242103,Osteoarthrosis of the carpometacarpal joint of the thumb,65,2.594202899,1,3.358256187,4.913669065,,,,,
4309345,Asymptomatic,65,2.626865672,2,3.151846223,2.486111111,,,,,
36684770,Bilateral myopia of eyes,65,3.126760563,2,2.817356917,4.038461538,,,,,
77965,Acquired trigger finger,64,2.787878788,1,3.38439316,7.101522843,,,,,
137682,Skin sensation disturbance,64,2.787878788,1,3.621166555,3.587360595,,,,,
438409,Attention deficit hyperactivity disorder,64,4.75,4,4.728517629,11.5,,,,,
439080,Dyspareunia,64,2.833333333,2,3.481099762,3.651685393,,,,,
443257,Swelling / lump finding,64,2.5,1,4.009908363,2.730952381,,,,,
4009585,Abnormal urine,64,2.430769231,1,3.705422881,3.076142132,,,,,
4338120,Altered bowel function,64,2.287878788,1,3.32256445,2.844155844,,,,,
137351,Epidermoid cyst of skin,63,2.830769231,1,3.303476113,3.290748899,,,,,
321596,Peripheral venous insufficiency,63,3.257575758,3,3.157010907,5.175531915,,,,,
73008,Enthesopathy,62,1.941176471,1,3.545429275,2.78358209,,,,,
75650,Proteinuria,62,3.746478873,2,4.240147069,7.060606061,,,,,
444100,Mood disorder,62,4.507462687,2,4.682291086,8.083333333,,,,,
4130851,Injury of upper extremity,62,2.516129032,0.5,3.36737858,2.911564626,,,,,
4166231,Genetic predisposition,62,4.938461538,3,4.632330685,24.7961165,,,,,
4168796,Muscle strain,62,2.852941176,1,3.887225686,2.151658768,,,,,
4282316,Recurrent major depression,62,4.394366197,3,3.886579439,9.649122807,,,,,
40484102,Abnormal finding on evaluation procedure,62,2.313432836,2,4.062735166,2.692771084,,,,,
44782429,Chronic kidney disease due to hypertension,62,4.092307692,4,4.707409464,5.163934426,,,,,
194686,Acquired renal cystic disease,61,3.338709677,1,4.246181184,3.783950617,,,,,
254443,Sj√∂gren's syndrome,61,4.096774194,2,3.252573592,13.02586207,,,,,
440329,Herpes zoster without complication,61,2.4375,1,3.140516125,2.5,,,,,
444459,Benign neoplasm of sigmoid colon,61,2.274193548,1,2.367124561,1.915584416,,,,,
43530652,Chronic intractable migraine without aura,61,5.725806452,5,5.004970207,12.2244898,,,,,
141253,Disorder of thyroid gland,60,3.032258065,2,3.538768339,6.481327801,,,,,
374367,Bilateral hearing loss,60,2.3125,1,3.378897624,3.006060606,,,,,
440083,Acute stress disorder,60,2.629032258,1,3.403886114,3.030150754,,,,,
443782,Tremor,60,3.063492063,2,2.974989911,4.18,,,,,
4225273,Chronic gastritis,60,2.765625,1,3.741506389,1.782051282,,,,,
4263748,Recurrent major depression in full remission,60,3.868852459,2.5,3.031426731,11.24427481,,,,,
81379,Lateral epicondylitis,59,2.393442623,1,3.819265813,5.245421245,,,,,
136057,Benign neoplasm of skin of trunk,59,1.372881356,0,2.689460348,3.960352423,,,,,
195321,Postmenopausal bleeding,59,3.047619048,2,3.567418639,5.410041841,,,,,
201340,Gastritis,59,2.307692308,0,3.24618195,3.339920949,,,,,
377844,Status migrainosus,59,3.216666667,2,4.060184286,5.142857143,,,,,
4152347,Drowsy,59,3,1,4.247803434,2.704,,,,,
4168217,Generalized hyperhidrosis,59,2.983333333,1,4.179631107,3.653153153,,,,,
4171394,Abnormal menstrual cycle,59,2.515625,1,4.340356071,2.324840764,,,,,
40443308,Polycystic ovary syndrome,59,5.118644068,3,4.577279799,6.780487805,,,,,
141960,Skin finding,58,2.709677419,2,3.752998398,1.987804878,,,,,
261880,Atelectasis,58,4.746031746,3,4.291164828,3.471698113,,,,,
4093347,Stool finding,58,1.661538462,0,3.636209643,2.140243902,,,,,
4115170,Pain in right arm,58,2.879310345,1.5,3.545273687,3.066225166,,,,,
4218813,Third trimester pregnancy,58,8.593220339,9,5.840489086,8.823129252,,,,,
37119138,Iron deficiency anemia due to blood loss,58,4.278688525,2,4.447754112,6.037735849,,,,,
196456,Gallstone,57,2.770491803,1,3.866020601,3.218543046,,,,,
433740,Immunodeficiency disorder,57,4.75,4,3.932784253,10.3627451,,,,,
435796,Dehydration,57,4.779661017,3,5.314188697,2.715827338,,,,,
438398,Leukocytosis,57,3.342857143,2,6.102559141,3.906976744,,,,,
4043042,Sexually active,57,4.172413793,3,3.412530353,18.27272727,,,,,
4067069,Callosity,57,1.786885246,1,3.031269782,3.230337079,,,,,
37018854,Hematuria co-occurrent and due to acute cystitis,57,1.883333333,2,2.988176366,1.639240506,,,,,
31610,Disorder of esophagus,56,2.947368421,1,3.072923224,2.408805031,,,,,
319835,Congestive heart failure,56,3.327586207,1,4.53958062,20.4,,,,,
765053,Lump in right breast,56,2.527272727,1,3.544155606,2,,,,,
4112752,Basal cell carcinoma of skin,56,2.5,1,2.999567068,5.621621622,,,,,
4166125,"Localized swelling, mass and lump, neck",56,2.770491803,1,4.159014619,2.975,,,,,
4196684,Senile angioma,56,1.836065574,1,3.124214187,2.051724138,,,,,
40326053,Dysphonia,56,4.428571429,2.5,4.067570512,7.057591623,,,,,
45771045,Acute exacerbation of asthma,56,4.15625,2,4.033624904,3.912442396,,,,,
72993,"Localized, primary osteoarthritis",55,4.053571429,2,3.656367537,6.989795918,,,,,
435224,Leukopenia,55,3.362068966,2,3.505935323,8.014388489,,,,,
435463,Herpesvirus infection,55,3.127272727,2,2.823661448,3.567164179,,,,,
4188598,High risk pregnancy,55,8.368421053,9,5.169321573,11.805,,,,,
37311061,COVID-19,55,3.178571429,1,3.462448872,2.428571429,,,,,
134668,Chronic maxillary sinusitis,54,4.509090909,3,4.579143311,5.626168224,,,,,
254061,Pleural effusion,54,7,4.5,5.528656052,5.722891566,,,,,
372328,Otitis media,54,2.49122807,1.5,3.477038588,5.10653753,,,,,
433968,Candidiasis,54,3.052631579,1,3.788844931,2.630681818,,,,,
434610,Hyperkalemia,54,3.181818182,1,4.313411714,4.435714286,,,,,
443524,Mixed urinary incontinence,54,3.603448276,2,3.379553765,5.260869565,,,,,
4081648,Acute vaginitis,54,3.454545455,2,5.182214383,2.575,,,,,
139099,Ingrowing nail,53,1.807017544,0,4.17644233,3.415789474,,,,,
374919,Multiple sclerosis,53,5.574074074,4,3.891116002,43.49473684,,,,,
378161,Disorder of ear,53,2.581818182,1,3.377011845,2.308988764,,,,,
436238,Elevated levels of transaminase & lactic acid dehydrogenase,53,3.351851852,1,4.142946513,3.071895425,,,,,
316139,Heart failure,52,4.327272727,2,4.909436231,8.9,,,,,
760895,Lump in left breast,52,2.516666667,0,3.126963938,2.450819672,,,,,
4195039,Osteopenia,52,2.527272727,1.5,2.287334792,5.539130435,,,,,
75004,Frank hematuria,51,2.185185185,2,2.653890965,5.524475524,,,,,
78472,Microscopic hematuria,51,2.769230769,1,3.091671291,4.578125,,,,,
141825,Simple goiter,51,2.411764706,2,3.575735219,3.544217687,,,,,
316866,Hypertensive disorder,51,3,1,3.569258725,8.209580838,,,,,
374027,Lesion of ulnar nerve,51,4.222222222,2,4.300205193,4.632258065,,,,,
435220,Severe recurrent major depression without psychotic features,51,5.280701754,3,4.757986063,17.82222222,,,,,
437541,Glaucoma,51,3.5,2,3.313075699,9.133858268,,,,,
4024561,Pain in lower limb,51,2.418181818,1,4.224113783,3.417391304,,,,,
4057826,Irritable bowel syndrome with diarrhea,51,2.62,1,3.774008115,3.480769231,,,,,
4317977,Bilateral cataracts,51,2.096153846,1,3.370925282,3.747474747,,,,,
78804,Fibrocystic disease of breast,50,2.392156863,1,2.78105838,4.010380623,,,,,
80824,Senile osteoporosis,50,3.634615385,2,2.695423181,8.572815534,,,,,
139850,Acute frontal sinusitis,50,2.660377358,1,3.417900059,2.135802469,,,,,
141104,Intervertebral disc disorder of lumbar region with myelopathy,50,2.215686275,1,3.330808568,2.96039604,,,,,
194175,Left upper quadrant pain,50,3.384615385,1.5,4.724923064,4.294871795,,,,,
314666,Old myocardial infarction,50,3.62745098,2,4.225095096,5.247311828,,,,,
381290,Ocular hypertension,50,2.537037037,1,2.871464108,8.64556962,,,,,
433577,Hammer toe,50,2.653846154,2,3.230530379,5.190909091,,,,,
4000968,Biceps tendinitis,50,3.040816327,1,4.296367711,4.935779817,,,,,
4059049,Mammography abnormal,50,2.68627451,1,3.972404813,4.609865471,,,,,
4310235,Reduced mobility,50,4.181818182,3,5.09100848,8.21978022,,,,,
42537730,Coronary artery graft present,50,3.923076923,3,3.898141891,9.033333333,,,,,
194696,Dysmenorrhea,49,3.4,2,3.126717215,3.586466165,,,,,
317002,Low blood pressure,49,3.411764706,1,5.426848097,3.784090909,,,,,
317576,Coronary arteriosclerosis,49,3.566037736,3,4.23451561,10.32544379,,,,,
321052,Peripheral vascular disease,49,2.403846154,1,3.934627367,5.75,,,,,
434547,Complication of surgical procedure,49,3.442307692,2,4.906090897,1.587837838,,,,,
435515,Hypo-osmolality and or hyponatremia,49,4.368421053,3,4.971603035,5.891025641,,,,,
438867,Generalized aches and pains,49,2.68,2,3.101184764,2.634782609,,,,,
442104,Benign neoplasm of descending colon,49,2.192307692,1,2.656816416,1.942857143,,,,,
4012368,Increased frequency of urination,49,2.365384615,1,2.945797191,3.565432099,,,,,
4027396,Peripheral neuritis,49,3.132075472,3,4.137825351,5.457044674,,,,,
4302537,Digestive system finding,49,1.68627451,1,2.860563429,2.319727891,,,,,
40568467,Seborrheic keratosis,49,2.72,2,3.443790626,4.810810811,,,,,
28060,Streptococcal sore throat,48,1.888888889,2,3.680924086,2.830039526,,,,,
75911,Acquired hallux valgus,48,2.416666667,1,3.756554555,4.012048193,,,,,
80242,Current tear of medial cartilage AND/OR meniscus of knee,48,3.538461538,1.5,3.873841625,3.905405405,,,,,
133835,Eczema,48,2.1875,1,2.989342773,3.043062201,,,,,
192854,Intramural leiomyoma of uterus,48,2.978723404,2,3.17898407,3.274647887,,,,,
200452,Disorder of female genital organs,48,2.358490566,2,3.165009832,3.394636015,,,,,
436677,Adjustment disorder,48,2.8125,1,3.413573241,6.556179775,,,,,
440417,Pulmonary embolism,48,5.93877551,4,5.40275081,17.23863636,,,,,
4301699,Neuropathy,48,5.458333333,2,6.306833792,3.981132075,,,,,
36684319,Adjustment disorder with mixed anxiety and depressed mood,48,2.7,2,4.931399971,9.838383838,,,,,
320136,Disorder of respiratory system,47,2.152173913,1,4.786467201,2.256830601,,,,,
379010,Epiretinal membrane,47,3.553191489,1,3.688495001,12.3627451,,,,,
380378,Epilepsy,47,4.84,3,4.710195213,13.0625,,,,,
435511,Hypercalcemia,47,2.431372549,1,2.709321969,4.907801418,,,,,
439658,Disorder of pregnancy,47,4.408163265,5,3.973897255,5.007246377,,,,,
440129,Hypertrophy of nasal turbinates,47,3.037735849,2,3.306708344,4.12568306,,,,,
440674,Gout,47,2.46,2,3.482611756,8.481751825,,,,,
443558,Allergic rhinitis due to animal dander,47,2.44,1,3.402262946,6.549450549,,,,,
4147326,Sore throat symptom,47,3.196078431,2,3.448309994,1.771186441,,,,,
4149353,"Attention deficit hyperactivity disorder, predominantly inattentive type",47,5.255319149,3,4.013852056,11.14925373,,,,,
4239938,First trimester pregnancy,47,6,4,4.291311705,6.178571429,,,,,
4311629,Impaired glucose tolerance,47,3.62745098,2,3.976224437,5.564356436,,,,,
40481919,Coronary atherosclerosis,47,4.230769231,2,5.170452593,11.47142857,,,,,
77963,Achilles tendinitis,46,2.5,1.5,4.131006825,5.727941176,,,,,
377091,Seizure,46,4.446808511,3.5,4.897204171,9.096385542,,,,,
444131,Injury of lower leg,46,2.244897959,1,3.75917557,2.339869281,,,,,
4096682,Bleeding from nose,46,3.4,2,3.655186243,3.54822335,,,,,
4132891,Chronic low back pain,46,3.319148936,2,3.977715704,5.6,,,,,
4138617,Psychophysiologic insomnia,46,4.365384615,2,3.691287562,4.435643564,,,,,
4168694,Lung field abnormal,46,3.653061224,2,4.590738418,4.571428571,,,,,
4299551,Lentiginosis,46,2.630434783,1,3.649366301,3.134615385,,,,,
4316083,Skin lesion,46,2.106382979,1,2.548941241,1.795031056,,,,,
74731,Hypertrophic osteoarthropathy,45,2.541666667,1,2.800973857,3.142857143,,,,,
138519,Spondylosis without myelopathy,45,3.083333333,2,3.368001536,3.131578947,,,,,
315085,Lymphadenopathy,45,2.47826087,1,3.486336968,3.237113402,,,,,
319041,Orthostatic hypotension,45,4.136363636,2,5.58605768,6.06557377,,,,,
375415,Injury of head,45,2.229166667,1,3.049755744,2.119469027,,,,,
376707,Acute conjunctivitis,45,2.5,1,3.677669442,2.107476636,,,,,
443601,Chronic kidney disease stage 2,45,3.787234043,4,3.269386623,9.724137931,,,,,
4147183,General symptom,45,1.954545455,1,2.895136988,2.337209302,,,,,
4216083,Cervico-occipital neuralgia,45,3.382978723,1,5.601496914,6.571428571,,,,,
4244438,Second trimester pregnancy,45,9.24,7,4.371856735,6.568965517,,,,,
45757591,Osteophyte of bone,45,3.4375,2,3.942131916,1.757575758,,,,,
78473,Solitary cyst of breast,44,2.159090909,1,3.28363229,2.710382514,,,,,
195603,Vulval and/or perineal noninflammatory disorders,44,1.8125,1,2.552928095,2.570469799,,,,,
317248,Disorder of hematopoietic structure,44,3.444444444,2,4.46994899,4.330188679,,,,,
376065,Disorder of nervous system due to type 2 diabetes mellitus,44,5.068181818,3,4.957323154,7.477272727,,,,,
435613,Cellulitis,44,2.782608696,2,3.979532732,4.219251337,,,,,
441408,Vomiting,44,3.553191489,2,3.878710799,2.705357143,,,,,
442108,Benign neoplasm of cecum,44,1.872340426,1,2.439435522,2.169491525,,,,,
444130,Injury of foot,44,2.255319149,1,2.307607604,1.636363636,,,,,
4029305,Hypercholesterolemia,44,3.613636364,2,3.300570135,5.506493506,,,,,
4288310,Carotid artery obstruction,44,3.288888889,1.5,3.234574713,5.113636364,,,,,
4338031,Mixed anxiety and depressive disorder,44,4.177777778,2,4.761710834,6,,,,,
36712983,Angina co-occurrent and due to coronary arteriosclerosis,44,3.4,2.5,3.382191266,7.670731707,,,,,
37110322,Diverticulosis of large intestine,44,1.717391304,1,2.765691347,1.807228916,,,,,
30753,Esophagitis,43,3.404761905,2,3.365185578,3.5,,,,,
134159,Precordial pain,43,1.829787234,1,3.8098491,3.186746988,,,,,
374313,Neoplasm of uncertain behavior of soft tissues,43,1.295454545,1,2.728992042,7.006756757,,,,,
376382,Tension-type headache,43,2.979591837,1,3.936230328,3.683333333,,,,,
433758,Childhood emotional disorder,43,4.636363636,3,4.420580079,7.504950495,,,,,
441840,Clinical finding,43,2.574468085,1,3.349187105,2.686170213,,,,,
764823,Bilateral age-related nuclear cataracts,43,2.568181818,1,3.831732055,3.478873239,,,,,
4008576,Diabetes mellitus without complication,43,3.829787234,3,3.700588083,8.751552795,,,,,
4048512,Sprain of upper extremity,43,3.209302326,2,4.237547714,2.529850746,,,,,
4115169,Pain in left arm,43,2.795454545,1,4.294914451,2.582677165,,,,,
4194160,Thyroid function tests abnormal,43,1.863636364,1,4.060996719,4.030487805,,,,,
4256761,Imaging result abnormal,43,2.318181818,2,3.548899038,2.62,,,,,
4260535,Diverticulitis of large intestine,43,2.638297872,2,3.604783336,2.923076923,,,,,
133729,Hyperparathyroidism,42,3.644444444,2,2.98009268,13.26363636,,,,,
137379,Musculoskeletal symptom,42,4.068181818,3,4.549125326,5.25,,,,,
194993,Intestinal malabsorption,42,1.818181818,1,3.578633847,4.531531532,,,,,
198520,Lumbar spondylosis with myelopathy,42,3.066666667,2,3.500788031,2.325581395,,,,,
257628,Systemic lupus erythematosus,42,7.348837209,4.5,5.569589321,43.3373494,,,,,
372887,Disorder of brain,42,3.209302326,1,5.127412607,3.711538462,,,,,
442306,Adjustment disorder with depressed mood,42,3.680851064,2,4.555822301,4.908675799,,,,,
443344,Barrett's esophagus,42,3.818181818,2,3.769259486,8.125,,,,,
4033839,Melanocytic nevus of upper limb,42,2.2,0,3.31163086,2.694736842,,,,,
4115173,Atrial premature complex,42,2.837209302,1,4.291430566,3.125,,,,,
4279913,Primary ovarian failure,42,1.857142857,0,3.595066952,1.826086957,,,,,
36717036,Osteoarthritis of left knee joint,42,3.97826087,2,4.077358804,6.311688312,,,,,
45768908,Exercise induced bronchospasm,42,3,1.5,3.733889124,5.333333333,,,,,
45769242,Patient denies drug use,42,2.911111111,1,5.048487314,6.445255474,,,,,
74132,Degeneration of lumbosacral intervertebral disc,41,3.888888889,2,3.673404748,3.8,,,,,
74728,Synovitis and tenosynovitis,41,2.659574468,1,2.843906623,3.355450237,,,,,
133141,Tinea pedis,41,3.046511628,1,4.161964827,2.69375,,,,,
375527,Headache disorder,41,3.5,2,3.917596326,3.669811321,,,,,
381295,Senile cataract,41,1.888888889,1,2.983286778,3.738853503,,,,,
435081,Abnormal findings diagnostic imaging heart+coronary circulat,41,2.697674419,1,4.329986199,2.325842697,,,,,
437969,Talipes planus,41,2.634146341,2,2.990635792,4.954198473,,,,,
443616,Refractory migraine without aura,41,3.857142857,3,3.988856429,5.878787879,,,,,
4084966,Candida infection of genital region,41,1.886363636,1,4.84126067,2.338289963,,,,,
4168701,"Localized swelling, mass and lump, upper limb",41,2.069767442,1,2.660001834,2.507936508,,,,,
36713107,Lumbar spondylolisthesis,41,1.977777778,1,2.945438805,5.609195402,,,,,
36713111,Osteoarthritis of right knee joint,41,2.261904762,1,2.84497846,4.843373494,,,,,
72418,Scoliosis deformity of spine,40,2.666666667,2,3.447407052,5.285714286,,,,,
137785,Verruca plantaris,40,2.952380952,1,4.245585943,5.738738739,,,,,
441818,Hemangioma,40,2.625,2,3.392204487,2.808823529,,,,,
4092538,Herpesviral vesicular dermatitis,40,3.441860465,2,3.086779086,2.18,,,,,
4111412,"Tricuspid incompetence, non-rheumatic",40,2.380952381,1,5.692099788,2.5,,,,,
4158911,Non-rheumatic heart valve disorder,40,2.454545455,0,5.632722619,4.180851064,,,,,
4173780,Iliotibial band friction syndrome,40,1.952380952,1,3.054945549,4,,,,,
4200056,Finding of vision of eye,40,3,1,2.190304978,1.504,,,,,
4216644,Rectal polyp,40,1.75,1,3.184900272,1.968421053,,,,,
45769461,Non-rheumatic mitral valve disease,40,2.738095238,2,4.813176359,4.775510204,,,,,
74125,Inflammatory polyarthropathy,39,3.128205128,2,3.609105294,7.613445378,,,,,
134438,Contact dermatitis,39,1.488372093,1,3.11324713,3.583050847,,,,,
198194,Female genital organ symptoms,39,2.88372093,2,3.073986453,3.27032967,,,,,
257907,Disorder of lung,39,2.452380952,1,5.40367746,4.507042254,,,,,
378425,Blepharitis,39,2.536585366,1,2.775203486,3.592274678,,,,,
432883,"Recurrent major depressive episodes, moderate",39,4.952380952,3,5.352739659,16.30864198,,,,,
435506,Benign neoplastic disease,39,2.315789474,1,2.812877655,4.358778626,,,,,
436353,Primary malignant neoplasm of upper outer quadrant of female breast,39,5.333333333,4,4.480878553,24.69135802,,,,,
4025677,Single episode of major depression in full remission,39,3.358974359,2,3.984958223,4.738636364,,,,,
4031763,Melanocytic nevus of lower limb,39,2.05,0,2.799170882,3.088888889,,,,,
4035422,Disorder of patellofemoral joint,39,2.102564103,1,3.208036467,3.009345794,,,,,
4056770,Breast signs and symptoms,39,2.727272727,2,2.925526355,3.705069124,,,,,
4111409,"Aortic incompetence, non-rheumatic",39,4,2,5.002563445,5.75,,,,,
4171919,"Localized swelling, mass and lump, lower limb",39,2.325,2,2.818628987,2.614457831,,,,,
4234788,Irritable bowel syndrome characterized by alternating bowel habit,39,2.564102564,1,3.098256007,2.515625,,,,,
36717114,"Human papillomavirus deoxyribonucleic acid test positive, high risk on cervical specimen",39,2.390243902,1,2.584861983,3.476635514,,,,,
42538119,Transplanted heart valve present,39,6.25,4,7.133487203,22.56923077,,,,,
74635,Lumbosacral radiculopathy,38,2.659090909,1.5,3.079321201,3.980769231,,,,,
133834,Atopic dermatitis,38,2.675,1,3.904988239,5.207100592,,,,,
194079,Post-surgical malabsorption,38,3.256410256,2.5,4.360448774,7.661971831,,,,,
442019,Complication of procedure,38,3,2,4.953553834,2.091463415,,,,,
444445,Benign neoplasm of skin of lower limb,38,1.405405405,0.5,2.647095082,2.881278539,,,,,
4059015,Falls,38,4.342105263,2,3.472714206,3.252525253,,,,,
4195572,"Mild major depression, single episode",38,3.243243243,2,3.157325696,4.424528302,,,,,
4216397,Nerve root disorder,38,3.414634146,2,4.981616275,2.798165138,,,,,
36714126,Difficulty walking,38,3.948717949,3,3.739375656,9.571428571,,,,,
132706,Disorder of nail,37,3.054054054,1,2.919335973,2.54494382,,,,,
194406,Urinary tract obstruction,37,2.974358974,1,3.159189846,5.142857143,,,,,
432250,Disorder due to infection,37,3.5,2,5.234156703,3.038709677,,,,,
434894,Acute posthemorrhagic anemia,37,5.325,4,5.589431254,2.650887574,,,,,
436246,Reduced libido,37,2.485714286,1,2.954865688,4.338983051,,,,,
436940,Metabolic syndrome X,37,4.3,2,4.30447773,6.18852459,,,,,
442105,Benign neoplasm of soft tissue,37,3.487179487,1,4.851395267,4.58677686,,,,,
443800,Amenorrhea,37,4.216216216,2,3.925354558,3.583892617,,,,,
444101,Hypertensive heart failure,37,3.111111111,1,4.30011523,3.666666667,,,,,
4035611,Seropositive rheumatoid arthritis,37,4.615384615,3,3.56955764,26,,,,,
4109420,Open-angle glaucoma - borderline,37,3.631578947,2,4.24829943,6.607594937,,,,,
4130023,Atrophy of thyroid - acquired,37,3.783783784,2,3.521064881,8.140350877,,,,,
4145825,Anorectal disorder,37,1.512820513,0,2.765076065,2.52739726,,,,,
4167097,Spondylolisthesis,37,2.648648649,1,3.631278864,4.032608696,,,,,
4303401,Finding reported by subject or history provider,37,2.025641026,1,3.729397861,2.030534351,,,,,
4306292,Upper abdominal pain,37,1.846153846,-1,4.003564478,3.603603604,,,,,
201418,"Flatulence, eructation and gas pain",36,2.025641026,1,2.310775311,2.931818182,,,,,
261325,Pulmonary emphysema,36,3.314285714,1,3.470853699,8.689189189,,,,,
373474,Diplopia,36,3.114285714,1,3.296342369,5.648148148,,,,,
433991,Recurrent major depression in remission,36,3.555555556,2.5,3.54964787,7.81,,,,,
443776,Brachial radiculitis,36,4.027777778,2,3.548641591,4.354700855,,,,,
4031019,Allergic contact dermatitis,36,2.175,2,3.54964787,2.392857143,,,,,
4043371,Inflammatory disorder of digestive tract,36,3.948717949,1,4.484895285,2.900442478,,,,,
4132892,Acute low back pain,36,3.564102564,1,2.799092824,2.438356164,,,,,
4165998,Generalized enlarged lymph nodes,36,3.125,2.5,3.577265072,2.649484536,,,,,
4168222,"Intra-abdominal and pelvic swelling, mass and lump",36,2.487179487,1,3.075246796,4.289617486,,,,,
4191597,Disorder of refraction,36,3.27027027,2,2.367773048,2.305882353,,,,,
4242574,Intertrigo,36,2.864864865,2,4.006740353,2.769230769,,,,,
4303233,Gastric polyp,36,3.583333333,2,3.623556089,2.436170213,,,,,
35624213,Secondary cataract,36,2.583333333,1,2.751622898,4.904109589,,,,,
40481089,Embolism from thrombosis of vein of lower extremity,36,4.275,2.5,5.266470762,7.285714286,,,,,
43021779,Hearing loss of left ear,36,2.333333333,1,3.114737116,3.348837209,,,,,
73231,Arthralgia of temporomandibular joint,35,4.058823529,3,3.206348744,3.421568627,,,,,
138841,Disorder of sacrum,35,4.1,2,4.426809083,5.413793103,,,,,
201613,Chronic nonalcoholic liver disease,35,3.722222222,3,4.530568443,6.06626506,,,,,
201909,Female infertility,35,4.333333333,2,5.482592774,20.77272727,,,,,
253549,Disorder of connective tissue,35,3.405405405,3,4.452362228,8.777777778,,,,,
433527,Endometriosis (clinical),35,3.324324324,2,5.424036142,7.88372093,,,,,
443200,Nervous system symptoms,35,2.973684211,1,3.363921281,2.125,,,,,
443744,Bunion,35,2.72972973,2,3.570890716,4.690789474,,,,,
4226991,Xerostomia,35,3.051282051,1,3.812407872,3.5625,,,,,
4265749,Meibomian gland dysfunction,35,2.833333333,2,2.452918002,2.557142857,,,,,
4299417,Basal cell carcinoma of face,35,2.764705882,2,2.49200402,4.36,,,,,
36717267,Ectasia of thoracic aorta,35,4.685714286,2,3.116235609,8.037037037,,,,,
40482662,Disorder of joint of ankle and/or foot,35,2.153846154,2,4.060881222,2.855345912,,,,,
44784105,Injury of free lower limb,35,2.605263158,1,3.248011674,2.236180905,,,,,
26662,Testicular hypofunction,34,3.027027027,2,4.099041234,12.28735632,,,,,
78228,Joint derangement,34,2.833333333,1,3.870566292,4.462121212,,,,,
138225,Disorder of sebaceous gland,34,2.142857143,1,2.90629043,2.213270142,,,,,
433128,Complication,34,2.735294118,1.5,3.526826147,5.103896104,,,,,
441051,Thoracic aortic aneurysm without rupture,34,3.857142857,1.5,4.117697988,11.875,,,,,
4041437,Radiologic finding,34,4.166666667,3,4.746703519,3.428571429,,,,,
4159131,Dyslipidemia,34,4.470588235,2,3.886192937,6.421052632,,,,,
4172857,Menopause finding,34,1.486486486,1,2.587505974,3.083932854,,,,,
37109050,Meibomian gland dysfunction of right eye,34,2.6,1,2.412829642,2.466666667,,,,,
43021237,Secondary erectile dysfunction,34,3.205882353,1,4.410831749,5.098265896,,,,,
138387,Thyrotoxicosis,33,5.029411765,4,5.880920614,8.734042553,,,,,
194992,Celiac disease,33,4.333333333,3,3.166766346,13.32926829,,,,,
197675,Incontinence of feces,33,2.75,2,3.833415678,5.682242991,,,,,
200779,Polyp of corpus uteri,33,3.823529412,2,4.408368419,3.524137931,,,,,
255919,Finding of head and neck region,33,2.171428571,1,4.352594141,2.612745098,,,,,
319843,Mitral valve disorder,33,3.314285714,2,5.490177179,5.05785124,,,,,
434170,Atypical squamous cells of undetermined significance on cervical Papanicolaou smear,33,3.1875,0,3.468472723,2.538888889,,,,,
437390,Hypoxemia,33,3.757575758,2,5.618725457,5.317460317,,,,,
4094294,Clinical history and observation findings,33,1.903225806,0,4.108149698,1.723684211,,,,,
4103703,Melena,33,2.684210526,1,3.948772345,2.536912752,,,,,
4119189,Lichen sclerosus et atrophicus,33,2.666666667,2,2.63103563,7.46031746,,,,,
4157332,Malignant neoplasm of female breast,33,5.264705882,3,5.500172174,34.55357143,,,,,
4305841,Periodic limb movement disorder,33,2.621621622,2,3.588438928,3.970588235,,,,,
36713926,Somatic dysfunction of thoracic region,33,4.470588235,2,4.317643507,15.7,,,,,
37206607,Overactive bladder,33,1.96969697,1,4.562279467,3.973684211,,,,,
40481325,Strain of muscle and/or tendon of lower leg,33,2.486486486,2,3.931226966,1.962025316,,,,,
42873169,Sprain of shoulder rotator cuff,33,2.138888889,2,3.242999453,5.351648352,,,,,
133424,Primary malignant neoplasm of thyroid gland,32,5.303030303,2,5.124163976,38.20634921,,,,,
201606,Crohn's disease,32,4.75,3,4.034003654,29.06944444,,,,,
373499,Disorder of eye region,32,1.970588235,0,3.838341166,1.75,,,,,
381292,Chronic allergic conjunctivitis,32,2.419354839,1,3.068439763,3.670731707,,,,,
441701,Sprain of hip,32,3.242424242,2,2.499798379,3.785123967,,,,,
4002956,Metatarsalgia,32,2.09375,1,3.105016752,2.6375,,,,,
4112852,Benign lipomatous tumor,32,1.75,1,2.97299675,2.166666667,,,,,
4188155,Hernia of anterior abdominal wall,32,2.935483871,1,4.120048348,4.033333333,,,,,
4192174,Illness,32,2.676470588,2,4.122005267,2.060402685,,,,,
4288544,Inguinal hernia,32,2.371428571,2,2.353574838,6.818965517,,,,,
36684758,Bilateral regular astigmatism,32,2.421052632,1,3.41190988,2.84375,,,,,
40481385,Imaging of abdomen abnormal,32,2.857142857,1,5.124163976,2.070175439,,,,,
45768450,Pain due to varicose veins of lower extremity,32,2.032258065,1,3.689430195,5.507246377,,,,,
72711,Shoulder stiff,31,3.5,3,3.324396622,14.44210526,,,,,
74396,Temporomandibular joint disorder,31,2.705882353,2,4.201382261,4.148648649,,,,,
135858,Disorder of lip,31,2.558823529,2,3.283716751,2.352380952,,,,,
379019,Conjunctivitis,31,2,0,4.666743471,2.231788079,,,,,
379031,Pain in eye,31,2.470588235,1,3.278145293,2.243478261,,,,,
436075,Adjustment disorder with anxious mood,31,4.580645161,3,3.576205714,6.194690265,,,,,
439154,Abnormal findings on diagnostic imaging of skull and head,31,3.5,2,4.65382257,3.424528302,,,,,
442256,Disorder of bursa of shoulder region,31,2.2,1,2.483060893,4.108196721,,,,,
443412,Type 1 diabetes mellitus without complication,31,4.838709677,3,3.691023695,28.51388889,,,,,
4002818,Spasm of back muscles,31,3.090909091,1,3.748548106,3.045454545,,,,,
4085075,At risk - finding,31,3.258064516,2,3.641753093,3.811320755,,,,,
4085100,Viral upper respiratory tract infection,31,2.612903226,2,2.523012366,1.172839506,,,,,
4132434,"Gestation period, 8 weeks",31,2.7,1,3.134614243,2.243243243,,,,,
4133224,Lobar pneumonia,31,1.486486486,2,3.552978457,2.802631579,,,,,
4166126,"Localized swelling, mass and lump, trunk",31,1.75,1,3.119829055,3.078431373,,,,,
4167102,Laceration of finger,31,2.5,1,3.183289703,1.96,,,,,
4168686,Jaw pain,31,3.242424242,1,5.300233308,2.755813953,,,,,
4302739,Thigh pain,31,2.774193548,2,5.249884791,3.455696203,,,,,
4336254,Dystrophia unguium,31,3.03030303,2,3.958114029,3,,,,,
36684799,Bilateral eye astigmatism,31,2.264705882,2,3.28338928,2.428571429,,,,,
40483292,Displacement of cervical intervertebral disc,31,4.903225806,2,4.048629132,2.93,,,,,
42537729,Aortocoronary bypass graft present,31,5.424242424,2,4.998064141,16.95,,,,,
31821,Disorder of endocrine system,30,2.793103448,1.5,3.497125256,4.405940594,,,,,
77081,Tibialis tendinitis,30,3.166666667,2,2.296674257,4.543478261,,,,,
136184,Pruritus of skin,30,3.09375,1,4.080229879,2.923809524,,,,,
195906,Disorder of lumbar spine,30,2.75,2,2.523680946,2.811320755,,,,,
320073,Neutropenia,30,5.787878788,4.5,5.814073295,7.24691358,,,,,
321887,Disorder of artery,30,1.909090909,1,3.108201979,7.753424658,,,,,
376125,Disorder of eyelid,30,2.484848485,1,2.328237457,3.110091743,,,,,
376229,Abnormal involuntary movement,30,2.322580645,1,2.492517538,3.15862069,,,,,
439002,Eating disorder,30,4,3,4.857154931,16.16216216,,,,,
765422,Pain in right hip joint,30,3.827586207,1.5,3.964787539,5.351351351,,,,,
4088110,Posterior vitreous detachment,30,2.515151515,2,2.266446913,3.467741935,,,,,
4103295,Ventricular tachycardia,30,4.838709677,4,5.047020289,12.49230769,,,,,
4119307,Neurogenic claudication,30,2.774193548,1,3.331493745,8.310344828,,,,,
4206148,Syncope and collapse,30,4.064516129,1,4.74596017,5.197986577,,,,,
4252872,Mitral valve prolapse,30,3.448275862,2,5.197368919,8.126760563,,,,,
46273487,Acute exacerbation of moderate persistent asthma,30,2.705882353,1,4.535935697,2.453125,,,,,
72986,Disorder of lower leg,29,3.181818182,2,3.101326587,5.688073394,,,,,
74174,Urinary symptoms,29,3.2,2,5.64006603,2.123966942,,,,,
80816,Degeneration of intervertebral disc,29,3.193548387,1,3.729459344,4.534883721,,,,,
133280,Alopecia,29,2.620689655,1,4.204735777,3.187134503,,,,,
137989,Abnormal results of cardiovascular function studies,29,1.34375,1,3.575022822,3.938271605,,,,,
192731,Digestive symptom,29,2.551724138,0,5.554477181,2.11299435,,,,,
195847,Gastroparesis syndrome,29,3.733333333,2,5.203494468,14.21621622,,,,,
312934,Atherosclerosis of aorta,29,2.566666667,0,4.866189778,3.565789474,,,,,
434490,Chill,29,2.677419355,2,3.381345522,2.455696203,,,,,
435262,Primary open angle glaucoma,29,5.448275862,2,10.02361743,16.61403509,,,,,
435517,Acidosis,29,6.481481481,3,6.870906753,3.467391304,,,,,
439708,Disorders of initiating and maintaining sleep,29,5.090909091,3,4.118921854,2.801886792,,,,,
4042836,Disorder of head,29,3.137931034,1,5.160956111,2.13559322,,,,,
4138760,Exacerbation of intermittent asthma,29,3.266666667,2,3.510364667,2.20952381,,,,,
4173734,Acute pansinusitis,29,2.363636364,2,2.772134388,1.575342466,,,,,
4176908,Snapping thumb syndrome,29,2.741935484,2,2.952831154,3.451612903,,,,,
4181583,Upper respiratory infection,29,1.866666667,1,3.618167078,1.363636364,,,,,
4194889,Enthesopathy of lower limb,29,2.793103448,1,3.338829623,2.629032258,,,,,
4224926,Obstruction of esophagus,29,3.344827586,2,4.080471334,4.278481013,,,,,
4318699,Disorder of lacrimal gland,29,2.53125,2,2.841025972,3.09375,,,,,
4347178,Enthesopathy of foot region,29,2.4,0,3.899917897,2.394230769,,,,,
37017432,Polyneuropathy due to type 2 diabetes mellitus,29,4.166666667,3,2.923490727,9.985074627,,,,,
40482267,Imaging of gastrointestinal tract abnormal,29,3.633333333,2,4.056254673,2.302083333,,,,,
40484908,Imaging of brain abnormal,29,3.076923077,1,4.050177883,2.376811594,,,,,
43530950,Complication occurring during pregnancy,29,10.23333333,8,6.526565645,4.802955665,,,,,
24609,Hypoglycemia,28,2.580645161,1,4.533823503,3.131782946,,,,,
316998,Left bundle branch block,28,5.413793103,3,4.316052233,11.03389831,,,,,
372886,Refractory migraine with aura,28,1.777777778,1,3.60481747,4.53125,,,,,
381859,Infective otitis externa,28,2.37037037,0.5,2.847072199,2.709677419,,,,,
434626,Borderline personality disorder,28,7.25,5,5.214321954,52.19230769,,,,,
437038,Blood in urine,28,2.344827586,1.5,2.775554666,4.416216216,,,,,
4012376,Currently not sexually active,28,5.166666667,4,3.115713716,17.92857143,,,,,
4056713,"Injury of muscle and tendon of abdomen, lower back and pelvis",28,2.833333333,1,2.961838411,2.103092784,,,,,
4069654,Connective tissue and disc stenosis of intervertebral foramina,28,1.448275862,0.5,3.881853046,1.783333333,,,,,
4114585,"Primary gonarthrosis, bilateral",28,2.962962963,0.5,3.532165126,4.958333333,,,,,
4153359,Arthritis of spine,28,3.060606061,2,2.669641198,3.590909091,,,,,
4261072,Irritable bowel syndrome characterized by constipation,28,3.655172414,0.5,3.590109871,2.425925926,,,,,
4322024,Pulmonary hypertension,28,4,1.5,5.769262651,5.647058824,,,,,
36713918,Somatic dysfunction of lumbar region,28,4.607142857,3.5,3.863237396,15.73584906,,,,,
43531578,Chronic kidney disease due to type 2 diabetes mellitus,28,3.466666667,2.5,4.030964804,6.736842105,,,,,
45757650,Acquired deformity of foot,28,3.5,2,2.842189707,3.550561798,,,,,
78474,Hypertrophy of breast,27,3.612903226,3,2.616515593,4.928,,,,,
79916,Acquired hallux rigidus,27,3.115384615,2,3.99394128,4.0125,,,,,
81378,Chondromalacia of patella,27,1.666666667,0,3.585742581,3.754010695,,,,,
133711,Overlapping malignant neoplasm of female breast,27,4.066666667,3,5.813335686,18.88679245,,,,,
134681,Diffuse spasm of esophagus,27,3.884615385,2,3.355057415,3.171428571,,,,,
373769,Nuclear cataract,27,2.785714286,2,2.47033684,3.050847458,,,,,
432585,Blood coagulation disorder,27,2.375,3,3.961711334,4.903703704,,,,,
439937,C-reactive protein abnormal,27,4.413793103,2,4.754964417,3.383333333,,,,,
440530,Oropharyngeal dysphagia,27,2.964285714,2,3.872983346,4.225352113,,,,,
443454,Cerebral infarction,27,3.3,1,4.457779141,5.208333333,,,,,
443729,Peripheral circulatory disorder due to type 2 diabetes mellitus,27,4.620689655,3,4.818352853,5.441860465,,,,,
4038502,Eye / vision finding,27,2.857142857,2,2.562050461,2.102702703,,,,,
4049623,"Moderate major depression, single episode",27,3.142857143,3,4.314554973,6.95,,,,,
4088740,Pounding heart,27,1.851851852,1,3.400603265,3.5,,,,,
4098604,Hypomagnesemia,27,4.677419355,3,4.85164524,5.337662338,,,,,
4101918,Noninflammatory disorder of the female genital organs,27,2.107142857,0,3.884368557,2.25,,,,,
4151134,Cyst of pancreas,27,3.5,3,3.522819384,9.673469388,,,,,
4197476,"Localized, primary osteoarthritis of the wrist",27,3.214285714,2,3.692604452,2.851851852,,,,,
4273391,Suicidal thoughts,27,4.931034483,3,5.221858507,7.680555556,,,,,
4320944,Cellulitis of toe,27,2.153846154,0,2.939562151,2.236111111,,,,,
4324765,Arthropathy of knee joint,27,1.5,1,2.112235418,2.652985075,,,,,
36713126,Blepharitis of left eyelid,27,3.178571429,1,2.474370046,3.025974026,,,,,
40481101,Erythema of skin,27,2.689655172,1,4.780957002,2.263473054,,,,,
40484532,Nonalcoholic steatohepatitis,27,4.655172414,3,3.552215311,8.5,,,,,
73300,Radial styloid tenosynovitis,26,2.333333333,1,5.160948035,5.757281553,,,,,
76786,Derangement of knee,26,3.04,1.5,4.064291025,3.801242236,,,,,
78619,Contusion of knee,26,1.962962963,0.5,4.740658831,2.073770492,,,,,
79145,Ehlers-Danlos syndrome,26,4.703703704,4.5,4.859408004,37.91111111,,,,,
132797,Sepsis,26,4.586206897,5.5,4.919818633,4.45,,,,,
195770,Subserous leiomyoma of uterus,26,3.28,2,4.621022198,3.058823529,,,,,
254669,Disorder of vocal cord,26,3.703703704,1.5,4.356427612,6.010526316,,,,,
314665,Atrial flutter,26,5.392857143,3.5,5.517663943,18.04225352,,,,,
373503,Transient cerebral ischemia,26,4.041666667,1.5,3.834258528,4.849462366,,,,,
433811,Hydronephrosis,26,3.518518519,1,4.000769157,5.08,,,,,
435119,Late effect of injury,26,3.428571429,3,4.078461248,3.344827586,,,,,
442980,Hand joint stiff,26,3.038461538,1.5,3.945201565,10.51851852,,,,,
443731,Renal disorder due to type 2 diabetes mellitus,26,5.37037037,4,4.444702984,6.87037037,,,,,
4083556,Seronegative rheumatoid arthritis,26,2.846153846,2.5,3.875762952,11.0952381,,,,,
4092743,Unsteady when standing,26,1.464285714,1,3.959020858,3.166666667,,,,,
4095793,Female genitalia finding,26,2.428571429,1,2.630296854,1.921052632,,,,,
4152384,Non-rheumatic aortic sclerosis,26,4.566666667,2,3.787631694,8.921568627,,,,,
4166144,Abnormal level of blood mineral,26,3.038461538,1,3.338585606,3.1,,,,,
4193620,"Keratoconjunctivitis sicca, in Sj√∂gren's syndrome",26,3.461538462,1.5,2.922591053,5.108108108,,,,,
4245842,Umbilical hernia,26,3.862068966,3,4.326661531,4.126213592,,,,,
37016130,Lesion of oral mucosa,26,2.423076923,1,3.350545306,1.861702128,,,,,
40480893,Nonspecific tuberculin test reaction,26,2.92,1,4.142277337,4.875,,,,,
42539502,Transplanted kidney present,26,6.346153846,5.5,4.469383024,103.0588235,,,,,
80189,Displacement of lumbar intervertebral disc without myelopathy,25,3,2,3.017725413,4.594117647,,,,,
134718,Hirsutism,25,3.518518519,2,3.287856445,4.277227723,,,,,
194684,Crohn's disease of large bowel,25,3.230769231,2,3.161223392,19.375,,,,,
198846,Enthesopathy of hip region,25,2.36,1,2.174089848,4.64171123,,,,,
201916,Ureteric stone,25,3.115384615,1,3.295451411,6.564814815,,,,,
259153,Pain in throat,25,2.892857143,2,2.841947689,4.180124224,,,,,
314059,Right bundle branch block,25,3.083333333,0,4.827697864,2.618421053,,,,,
372309,Mononeuritis,25,4.04,3,4.495553359,3.56626506,,,,,
377888,Conductive hearing loss,25,2.12,1,3.131559782,4.842696629,,,,,
378416,Retinal disorder,25,3.5,1,5.571654452,4.6,,,,,
380731,Otitis externa,25,2.037037037,1,2.984962311,2.010752688,,,,,
434633,Disorder of autonomic nervous system,25,3.208333333,3,3.56697818,7.522727273,,,,,
435784,Somatoform disorder,25,1.88,1,3.392147796,2.6875,,,,,
435839,Lymphedema,25,3.730769231,4,3.615706478,12.07462687,,,,,
436948,Benign neoplasm of choroid,25,2.851851852,2,2.291287847,5.773584906,,,,,
443732,Disorder due to type 2 diabetes mellitus,25,4.4,3,4.789572006,6.919354839,,,,,
4100662,Cellulitis of finger,25,1.428571429,1,3.426854729,2.111111111,,,,,
4137468,Abscess of skin and/or subcutaneous tissue,25,3.461538462,1,3.852272057,2.115942029,,,,,
4149904,"Attention deficit hyperactivity disorder, combined type",25,5.96,4,3.715732319,10.64444444,,,,,
4152592,Lumbosacral stenosis,25,2.653846154,2,3.944194045,2.962264151,,,,,
4223938,Dizziness,25,3.407407407,2,3.391164992,3,,,,,
4224968,Tinea corporis,25,2.36,2,2.381876011,2.119266055,,,,,
4229440,Chronic congestive heart failure,25,4.52,3,3.538832199,12.08,,,,,
4314161,"Migraine without aura, not refractory",25,4.346153846,3,2.764657905,6.227272727,,,,,
35624677,Sebaceous cyst of skin,25,2.24137931,1,2.697529734,2.642140468,,,,,
36715916,Internal hemorrhoids grade I,25,2.4,2,2,1.890909091,,,,,
40481632,Ganglion cyst,25,2.444444444,0,2.943920289,4.25,,,,,
72404,Joint stiffness,24,3.481481481,1,3.386888615,5.511627907,,,,,
75344,Intervertebral disc disorder,24,1.88,1,2.602952616,3.308823529,,,,,
134118,Atrophic condition of skin,24,4.041666667,2,2.637178444,3.972222222,,,,,
137193,Erythema,24,1.791666667,0.5,4.041227751,1.762711864,,,,,
195873,Leukorrhea,24,2.925925926,2.5,2.970568188,2.197969543,,,,,
199876,Prolapse of female genital organs,24,3.888888889,2,4.183949663,5.590909091,,,,,
314054,Aortic valve disorder,24,4.285714286,2,5.73935688,9.155963303,,,,,
319826,Secondary hypertension,24,4.84,3.5,4.768366475,5.706896552,,,,,
374009,Organic mental disorder,24,2,2.5,4.126399631,11.61842105,,,,,
375827,Acute non-suppurative otitis media - serous,24,3.535714286,2,4.062688123,2.056737589,,,,,
378001,Concussion with no loss of consciousness,24,3.625,1.5,4.432259868,3.842857143,,,,,
432895,Cortical senile cataract,24,2.695652174,1.5,2.807856473,4.828947368,,,,,
435508,Adrenal cortical hypofunction,24,3.214285714,3,3.549852008,15.03508772,,,,,
435655,"Gestation period, 39 weeks",24,-0.148148148,3.5,5.310469561,1.727272727,,,,,
441788,Human papilloma virus infection,24,3.32,2,3.488074923,4.742857143,,,,,
442775,Degeneration of thoracic intervertebral disc,24,1.833333333,1,3.563095869,2.594594595,,,,,
443740,Corneal endothelial dystrophy,24,2.76,0.5,3.64129894,12.38888889,,,,,
4021667,Wound finding,24,3.88,1,3.078384199,3.983050847,,,,,
4028387,Disorder of integument,24,3.037037037,1.5,2.502172969,2.126760563,,,,,
4091513,Passing flatus,24,2.083333333,0.5,3.309790045,2.114942529,,,,,
4094742,Unstable knee,24,2.416666667,1,3.133502925,4.508196721,,,,,
4133044,Chest discomfort,24,1.636363636,0,3.400500816,2,,,,,
4141640,Perimenopausal disorder,24,3.75,2.5,3.941602705,3.075757576,,,,,
4224558,Anterior chamber intraocular lens present,24,2.461538462,0.5,2.914232939,5.043478261,,,,,
4299535,Pregnant,24,8.043478261,8,6.453849542,5.5,,,,,
4307820,Unplanned pregnancy,24,7.434782609,7,5.366968215,5.410480349,,,,,
4307956,Bipolar II disorder,24,5.652173913,4,4.478612622,40.71111111,,,,,
40484935,Measurement finding above reference range,24,3.458333333,1.5,4.666990154,3.461538462,,,,,
43531003,Essential tremor,24,2.24,1,4.064694223,4.089285714,,,,,
74130,Thoracic spondylosis without myelopathy,23,2.958333333,2,3.860205405,2.890243902,,,,,
135215,Hashimoto thyroiditis,23,3.086956522,2,2.972868087,8.727272727,,,,,
198202,Cystocele,23,2.92,2,3.058713982,3.188679245,,,,,
255348,Polymyalgia rheumatica,23,4.652173913,4,4.199567077,16.79411765,,,,,
256440,Disorder of nasal sinus,23,2.913043478,1,4.382862782,2.266666667,,,,,
375281,Acute suppurative otitis media without spontaneous rupture of ear drum,23,1.826086957,1,3.024275956,4.225806452,,,,,
379832,Mixed conductive AND sensorineural hearing loss,23,2.916666667,2,2.609650682,4.763888889,,,,,
434272,Varicella,23,4.130434783,3,2.966879091,25.72727273,,,,,
436231,Abnormal findings diagnostic imaging of liver+biliary tract,23,2.869565217,0,3.764825765,2.113207547,,,,,
437312,Bleeding,23,4.25,2,5.884259166,1.85840708,,,,,
439935,Abnormal posture,23,4.04,3,3.297501749,9.226415094,,,,,
444114,Maternal AND/OR fetal condition affecting labor AND/OR delivery,23,4.24,7,4.608807516,3.51048951,,,,,
444375,"Contact dermatitis due to plants, except food",23,3.2,2,2.795394292,1.644736842,,,,,
3656234,Depressive episode,23,5.807692308,4,5.813300818,11.88333333,,,,,
4002650,Plantar fasciitis,23,2.869565217,1,2.787606677,2.547169811,,,,,
4036620,Dry eyes,23,4.230769231,1,2.806683159,3.808823529,,,,,
4042835,Disorder of face,23,2.625,1,4.382862782,2.244897959,,,,,
4068847,Segmental and somatic dysfunction,23,3.47826087,2,3.733196873,16.67391304,,,,,
4117713,Ankle joint effusion,23,3.423076923,1,4.064694223,2.074074074,,,,,
4119146,Tear of lateral meniscus of knee,23,1.833333333,0,2.224548629,2.857142857,,,,,
4169580,Pain in spine,23,3.652173913,2,3.667504995,2.223684211,,,,,
4204991,Lichen simplex chronicus,23,1.44,0,2.107768428,2.518518519,,,,,
4213540,Cervical somatic dysfunction,23,5.208333333,4,5.521069954,21.5,,,,,
4217557,Simple obesity,23,3.652173913,2,3.494207516,5.810810811,,,,,
4306267,Coag./bleeding tests abnormal,23,3.84,2,3.87094171,3.546875,,,,,
4311499,Primary malignant neoplasm of respiratory tract,23,6.25,4,5.215513496,27.47619048,,,,,
4339092,Male pattern alopecia,23,2.772727273,1,3.339191164,3.971428571,,,,,
4347174,Synovial cyst of knee,23,1.291666667,0,3.03731731,2.275862069,,,,,
36684676,Dermatochalasis of left upper eyelid,23,1.541666667,1,2.999341166,3.418604651,,,,,
36684746,Bilateral vitreous degeneration of eyes,23,2.8,2,2.087038865,2.636363636,,,,,
40483134,Strain of muscle and/or tendon of thigh,23,2.416666667,2,2.867288593,3.905660377,,,,,
23986,Disorder of pituitary gland,22,3.086956522,2,3.997022701,10.30357143,,,,,
31602,Disorder of the larynx,22,1.636363636,1,2.690370837,2.683544304,,,,,
73560,Calcaneal spur,22,2.75,1,3.077990574,3.453703704,,,,,
75865,Disorder of the urinary system,22,1.913043478,1,2.556715967,2.822580645,,,,,
78200,Benign mammary dysplasia,22,4.375,2.5,4.415635345,6.96969697,,,,,
80187,Medial epicondylitis,22,1.857142857,1,2.999639228,4.514705882,,,,,
81931,Psoriasis with arthropathy,22,4.36,3,2.788737398,32.93877551,,,,,
132412,Post-laminectomy syndrome,22,4.695652174,3.5,4.400167254,9.70212766,,,,,
133299,Swelling of limb,22,5.375,4,4.944059359,2.640522876,,,,,
138717,Toxic diffuse goiter,22,4.260869565,3,4.171642051,8.306122449,,,,,
139750,Primary malignant neoplasm of skin,22,3.391304348,2,3.452836214,6.271604938,,,,,
193020,Incomplete emptying of bladder,22,2.708333333,2,4.704469644,4.707317073,,,,,
377853,Chronic tension-type headache,22,2.043478261,1,3.408672413,5.454545455,,,,,
379801,Trigeminal neuralgia,22,3.318181818,2,7.461880037,18.52272727,,,,,
436658,Vitamin deficiency,22,1.777777778,1,4.077177532,3.753246753,,,,,
439795,Minimal cognitive impairment,22,3.173913043,2.5,3.73818485,4.928571429,,,,,
762212,Bursitis of right shoulder,22,1.956521739,1,3.683648201,3.125,,,,,
764597,Lump in upper outer quadrant of right breast,22,3.590909091,1,3.719900851,2,,,,,
765933,Pain of left hand,22,2.272727273,1,2.570646827,2.913043478,,,,,
4004352,Irritant contact dermatitis,22,1.565217391,1,2.876987361,1.843137255,,,,,
4021915,Hematopoietic system finding,22,4,2,4.393028716,2.517241379,,,,,
4030041,Thyroid nodule,22,2.454545455,1.5,3.308129826,4.244444444,,,,,
4052226,Sequelae of injuries of lower limb,22,4,2,4.457835167,3.595744681,,,,,
4065364,Follicular cysts of skin and subcutaneous tissue,22,1.37037037,0,2.801128406,1.712328767,,,,,
4068613,Cervical spondylosis with radiculopathy,22,2.181818182,0,3.389568924,3.211538462,,,,,
4101747,Localization-related(focal)(partial)idiopathic epilepsy and epileptic syndromes with seizures of localized onset,22,4.304347826,3,4.124680232,10.5,,,,,
4141360,Chronic atrial fibrillation,22,3.695652174,2,4.710676829,10.95918367,,,,,
4147185,Cardiovascular symptoms,22,2.541666667,3,3.301908146,2,,,,,
4167696,Estrogen receptor positive tumor,22,7.090909091,5,4.65985898,25.38,,,,,
4178431,Cartilage disorder,22,2.681818182,1.5,2.575693913,6.955555556,,,,,
4208390,Inflammation of sacroiliac joint,22,2.481481481,1,3.557809531,4,,,,,
4229909,Disorder of the nose,22,2.818181818,1,4.481805449,2.282608696,,,,,
4230641,Chronic pansinusitis,22,3.56,2.5,4.327501904,5.127272727,,,,,
4243587,Benign neoplasm of skin of upper limb,22,2.095238095,1,3.166723627,2.491525424,,,,,
4270024,Acute non-ST segment elevation myocardial infarction,22,3.652173913,3,3.357810563,7.7,,,,,
4289526,Nonulcer dyspepsia,22,1.666666667,1,2.180194201,2.5,,,,,
4308093,Dupuytren's disease of palm,22,2.272727273,2,1.993495918,6.183333333,,,,,
4327889,Thromboembolism of vein,22,6.086956522,2.5,5.915165043,4.115384615,,,,,
36684613,Dermatochalasis of right upper eyelid,22,1.739130435,1,3.037998886,3.487804878,,,,,
36716935,Acquired absence of cervix and uterus,22,2.5,0.5,4.576431245,3.924528302,,,,,
40481319,Imaging of musculoskeletal system abnormal,22,3.045454545,1,4.260967514,2.00862069,,,,,
42537251,Polyp of nasal cavity and/or nasal sinus,22,3.545454545,1,3.696552741,9,,,,,
43530621,Acute postoperative pain,22,2.681818182,2,4.070004308,1.915789474,,,,,
43530648,New daily persistent headache,22,2.6,1,3.400089125,2.755555556,,,,,
45773176,Low grade squamous intraepithelial lesion on cervical Papanicolaou smear,22,2.818181818,2,3.692744729,3.227272727,,,,,
74855,Genital herpes simplex,21,3,2,3.753728305,5.5,,,,,
81893,Ulcerative colitis,21,2.636363636,3,3.763230628,21.16129032,,,,,
140842,Changes in skin texture,21,2.714285714,2,4.981393953,2.492307692,,,,,
195259,Meralgia paresthetica,21,3.380952381,3,3.310876736,6,,,,,
197676,Large liver,21,3.304347826,2,3.244776021,2.55952381,,,,,
199075,Neurogenic bladder,21,3.409090909,2,4.104585125,7.62745098,,,,,
201891,Disorder of stomach,21,3.318181818,2,5.778449289,4.5,,,,,
256449,Bronchiectasis,21,5.869565217,5,4.256088076,22.63265306,,,,,
316999,Conduction disorder of the heart,21,3.1,1,5.078432454,4.301886792,,,,,
375806,Idiopathic peripheral neuropathy,21,5.25,1,4.271723194,3.807017544,,,,,
432875,Anemia due to chronic blood loss,21,3.454545455,1,3.528118344,3.152777778,,,,,
434123,Primary localized osteoarthrosis of pelvic region,21,2.666666667,2,2.729032621,5.739130435,,,,,
435243,Alcohol dependence,21,4.375,5,4.721279084,10.11666667,,,,,
435875,"Complication of pregnancy, childbirth and/or the puerperium",21,5.761904762,6,5.830951895,2.410852713,,,,,
437116,Closed fracture of distal end of radius,21,4,3,3.761332084,11.53608247,,,,,
443410,Infective pneumonia,21,3.125,3,4.493381376,3.287234043,,,,,
443615,Refractory migraine,21,2.916666667,1,4.121950532,2.786666667,,,,,
444367,Cholelithiasis without obstruction,21,2.916666667,0,4.364357805,3.807692308,,,,,
765507,Bilateral posterior vitreous detachment,21,3,2,1.983263304,2.324324324,,,,,
3663197,Glaucoma suspect,21,3.727272727,1,5.613758608,8.340425532,,,,,
4002359,Monoclonal gammopathy (clinical),21,4.142857143,2,3.796615034,13.24489796,,,,,
4051642,"Gestation period, 20 weeks",21,7.590909091,5,3.570380799,1.5,,,,,
4119786,Interstitial lung disease,21,2.652173913,3,4.273394992,14.26315789,,,,,
4136228,Sprain of shoulder,21,3.130434783,1,3.234486785,2.575757576,,,,,
4136557,Displacements - bone,21,4.666666667,4,3.080661648,6.5,,,,,
4157457,Malignant neoplasm of skin of trunk,21,2.619047619,2,3.891994225,2.302325581,,,,,
4163261,Malignant tumor of prostate,21,4.954545455,3,4.020187155,31.4516129,,,,,
4171912,Abnormal cytological finding in specimen from female genital organ,21,1.304347826,1,2.65742446,3.798076923,,,,,
4175154,Disorder of the peripheral nervous system,21,4.428571429,0,3.351616525,5.953488372,,,,,
4208857,Pain in wrist,21,2.55,1,2.427030323,3.880952381,,,,,
4222174,Rheumatic disease of mitral valve,21,3.454545455,2,5.004759639,4.933333333,,,,,
4225324,Resistance to activated protein C due to Factor V Leiden,21,5.523809524,3,3.378503473,12.59375,,,,,
4263848,Dyspnea on exertion,21,3.318181818,2,4.291186982,3.933333333,,,,,
4305500,Vasomotor rhinitis,21,2.409090909,2,2.326861774,2.765957447,,,,,
40481302,Injury of superior glenoid labrum of shoulder joint,21,2.956521739,3,2.972092417,6.863636364,,,,,
45770886,Disorder of plasma protein metabolism,21,3.238095238,1,3.562369463,2.071428571,,,,,
29735,Candidiasis of mouth,20,1.84,0.5,5.441313696,2.76,,,,,
30133,Acute laryngitis,20,3,2,4.032434292,1.798076923,,,,,
77079,Spinal stenosis,20,1.947368421,1,2.704285099,3.473684211,,,,,
134870,Pityriasis versicolor,20,2.285714286,1,3.030980387,3.277777778,,,,,
138148,Plantar nerve lesion,20,2.285714286,1,3.458018903,5.891891892,,,,,
140190,Disorder of back,20,3.571428571,3.5,3.099660423,3.986394558,,,,,
192963,Disorder of pancreas,20,3.541666667,4,3.776311205,7.955223881,,,,,
195588,Cystitis,20,3.3,3,3.864821096,2.252336449,,,,,
198124,Kidney disease,20,5.476190476,3,6.06347998,6.461538462,,,,,
201337,Disorder of bladder,20,3.19047619,3,3.119969635,3.144927536,,,,,
313878,Respiratory symptom,20,2.904761905,4,3.381061808,1.568965517,,,,,
314379,First degree atrioventricular block,20,3.238095238,2,2.85804497,2.681818182,,,,,
372888,Sciatic nerve lesion,20,3.35,2,2.939745782,4.393442623,,,,,
432251,Disease caused by parasite,20,3.227272727,2,6.011173806,2.538461538,,,,,
435642,Disturbance in speech,20,2.952380952,1,5.838844514,2.338461538,,,,,
439392,Primary malignant neoplasm,20,3.19047619,0.5,2.25948294,3.412698413,,,,,
440374,Obsessive-compulsive disorder,20,4.238095238,3,3.771081096,20.88333333,,,,,
442555,Breathing painful,20,3.727272727,2,3.186732364,2.089473684,,,,,
444457,Benign neoplasm of rectum,20,2.363636364,1,3.431663706,2.072727273,,,,,
4003132,Ganglion of wrist,20,2.55,1.5,2.417044738,2.976744186,,,,,
4048489,Recurrent acute sinusitis,20,2.842105263,0.5,2.76966652,1.603448276,,,,,
4057044,Injury of muscle and tendon at neck level,20,2.75,1,4.35406646,1.444444444,,,,,
4058388,Hypertrophic scar,20,2.19047619,1,3.026201371,3.4,,,,,
4060424,"Mental disorders during pregnancy, childbirth and the puerperium",20,4.952380952,4.5,4.866642634,2.75,,,,,
4084768,Uncertain viability of pregnancy,20,3.2,1.5,5.359448126,2.333333333,,,,,
4092879,Absent kidney,20,4.476190476,2,4.110320771,6.903225806,,,,,
4130372,Congenital anomaly of intestinal tract,20,2.9,1,3.168928094,2.547169811,,,,,
4168216,Pelvic and perineal pain,20,3.434782609,2,4.149825615,2.358490566,,,,,
4179823,Laceration of head,20,1.578947368,1,3.041813863,1.8,,,,,
4182198,Ganglion of hand,20,3.136363636,1,2.200478417,2.044444444,,,,,
4197819,Fibrosis of lung,20,2.95,2.5,6.125013426,4,,,,,
4207186,Viral infection by site,20,3.333333333,2,2.888725816,1.34939759,,,,,
4211657,Closed fracture of lower leg,20,3.65,1.5,3.851178904,5.569230769,,,,,
4232697,Persistent atrial fibrillation,20,6.666666667,6,6.621138398,13.54716981,,,,,
4331304,Photodermatitis,20,2.578947368,0,3.205258837,2.2890625,,,,,
36714686,Somatic dysfunction of pelvic region,20,4.25,1,5.618578206,13.33928571,,,,,
37108814,Inconclusive mammography finding,20,2.761904762,2,3.071087584,2.8046875,,,,,
40479192,Chronic systolic heart failure,20,4.8,4,4.718106221,21.375,,,,,
42872381,Numbness and tingling sensation of skin,20,1.9,0.5,3.864480628,2.58,,,,,
44783028,Injury of shoulder and upper arm,20,4.380952381,2,2.996050031,2.470149254,,,,,
45768965,Uncomplicated severe persistent asthma,20,4.217391304,4,3.354101966,10.56410256,,,,,
45770891,Allergic contact dermatitis caused by plant material,20,3.409090909,1,2.49789385,1.444444444,,,,,
46273539,Acute bronchospasm,20,4.761904762,3,4.55694958,2.579545455,,,,,
