concept_name,Maximum Spike Density,Minimum Spike Density,4 Weeks Before,3 Weeks Before,2 Weeks Before,1 Week Before,1 Week After,2 Weeks After,3 Weeks After,4 Weeks After
Arthropathy,65.78846154,21.95454545,22.38297872,22.52727273,36.70588235,45.10169492,28.03846154,65.78846154,49.97959184,21.95454545
"Aortic incompetence, non-rheumatic",62.44,37.2,39.4,37.27586207,45.12903226,44.44117647,62.44,48.73333333,38.15625,37.2
Hypo-osmolality and or hyponatremia,48.60526316,17.28205128,18.72972973,20.28205128,19.68571429,32.41666667,48.60526316,31.8974359,25.1627907,17.28205128
Sepsis,47.7,31.45833333,32.72,42.91666667,NA,NA,NA,47.7,31.45833333,NA
Benign neoplasm of soft tissue,43.84615385,18.19230769,24.58333333,26.88888889,27.26923077,36.61538462,43.84615385,28.56666667,42.52,18.19230769
Blood coagulation disorder,37.66666667,7,7.958333333,NA,NA,37.66666667,7,8.5,25.73076923,17.25
Lumbar spondylolisthesis,35.21875,10.93548387,15.74193548,10.93548387,21.06451613,27.48387097,16.82758621,35.21875,28.20689655,11.03571429
Spondylolisthesis,33.27272727,6.05,8.380952381,10.09090909,17.2173913,14.30769231,14.38095238,33.27272727,19.39130435,6.05
Transient cerebral ischemia,29.55,16.41666667,NA,18.9,NA,29.55,25.1,NA,16.41666667,NA
Cervical spondylosis without myelopathy,29.32352941,11.13483146,11.83695652,13.18556701,18.89473684,17.67857143,14.25242718,29.32352941,19.65591398,11.13483146
Benign mammary dysplasia,28.42857143,28.42857143,NA,NA,NA,NA,NA,28.42857143,NA,NA
Peripheral neuritis,28.27027027,9.837837838,12,9.837837838,17,20.77777778,13.1025641,28.27027027,24.1,11.96969697
Syncope and collapse,28.12,17.11111111,18.13636364,28.12,25.96153846,26.36,25.0952381,17.11111111,23.65,19.27272727
Peripheral venous insufficiency,28.10638298,19.16326531,20.4893617,28.10638298,21.34042553,24.84482759,26.86956522,23.28571429,21.26086957,19.16326531
Hammer toe,27.5,15.58333333,15.58333333,17.91176471,16.71875,19.34210526,25.75,27.5,15.71428571,23.66666667
Basal cell carcinoma of face,27.43478261,14.66666667,25.36363636,14.66666667,15.66666667,20.73076923,27.43478261,24.5,19.13043478,20.65217391
Single episode of major depression in full remission,27.38709677,9.15625,10.13636364,10.10714286,27.38709677,9.914285714,10.25806452,11,9.15625,10.77777778
Backache,25.70322581,9.541666667,11.62676056,11.89864865,16.55333333,20.6125,13.89542484,25.70322581,19.58823529,9.541666667
Non-rheumatic mitral valve stenosis with regurgitation,25.22413793,13.44444444,25.22413793,16.9375,16.39655172,16.265625,13.44444444,16.65625,18.76923077,20.18181818
Concussion with no loss of consciousness,24.33333333,20.15,NA,NA,20.35,24.33333333,20.15,NA,22.04761905,20.52380952
Achilles tendinitis,24.25806452,14.56666667,19.71428571,23.68,21.11428571,23.125,23.5862069,24.25806452,19.03125,14.56666667
Urinary tract obstruction,24.10714286,13.44827586,17.65217391,13.44827586,16.39285714,24.10714286,14.82758621,13.69230769,16.13793103,15
Spasm of back muscles,23.76190476,15,17.04347826,23.76190476,20.36,22.2173913,17.73076923,21.17391304,16.68,15
Complication,23.60714286,16.03571429,16.75,20.96153846,19.23076923,23.60714286,18.4516129,16.03571429,19.36666667,16.30769231
Psychophysiologic insomnia,22.75,13.15384615,16.21052632,13.15384615,16.88095238,22.75,17.77777778,15.0952381,16,16.38461538
Orthostatic hypotension,22.48484848,9.647058824,9.647058824,22.48484848,16.62857143,19.79411765,15.66666667,9.942857143,10,10.62857143
Acquired deformity of foot,22.42857143,10.95833333,NA,14.85714286,22.42857143,15.5,15.5,14.18181818,13.26086957,10.95833333
Human papilloma virus infection,22.36363636,14.76190476,NA,18.08333333,22.36363636,19.4,14.76190476,16.3,NA,NA
Musculoskeletal symptom,22.18181818,17.43333333,19.16666667,17.65625,18.3,22.18181818,19.66666667,21.59259259,19.63636364,17.43333333
"Intra-abdominal and pelvic swelling, mass and lump",21.8,13.61538462,16.92857143,21.8,19.2,17.19354839,13.96666667,16.77777778,17.4,13.61538462
Skin sensation disturbance,21.65116279,6.666666667,7.151515152,7.166666667,7.5,11.54,21.65116279,8.795454545,6.666666667,10.5
Degeneration of intervertebral disc,21.63636364,8.181818182,12.25,NA,NA,21.34782609,10.54545455,8.181818182,21.63636364,NA
Hypertensive heart failure,21.48148148,7.75,7.869565217,13.77777778,13.42857143,18.46153846,21.48148148,15.18518519,11.4,7.75
Muscle pain,21.01351351,16.7012987,16.7012987,19.43396226,20.03947368,20.43902439,18.32894737,19.93670886,21.01351351,17.69594595
Obstruction of esophagus,20.58333333,11.13043478,11.13043478,11.70833333,14.13636364,20.58333333,16.08,19.47619048,19.91304348,17.2173913
Sprain of hip,20.36,16.6,16.6,17.86956522,20.36,19.40740741,18.56521739,18.12,19.95652174,17.58333333
Pleural effusion,20.35555556,14.80434783,18.87234043,18.19148936,18.13636364,14.80434783,17.95833333,20.35555556,20.1627907,16.53488372
Frank hematuria,20.21428571,9.948717949,9.948717949,11.42222222,14.35135135,14.92857143,12.02631579,17.80555556,20.21428571,15.05
Abnormal results of cardiovascular function studies,20.2,6.913043478,14.35,14.21428571,20.2,9.48,10.76923077,6.913043478,11.36363636,10.56521739
Peripheral vascular disease,20,9.657894737,12.34210526,12.47368421,9.657894737,14.36842105,10.92682927,16.07692308,19.42222222,20
Mammography abnormal,19.92857143,12.2,12.2,15.48888889,19.76190476,19.75,18.375,18.71052632,19.92857143,13.05263158
Cyst of ovary,19.92063492,14.35616438,15.45,14.89705882,15.70149254,14.35616438,19.92063492,15.14705882,14.66666667,15.5
Carotid artery obstruction,19.62857143,12.55172414,16.93103448,14,14.54285714,19.62857143,17.41176471,15.71052632,16.38709677,12.55172414
Disorder of female genital organs,19.5483871,8,8.941176471,9.444444444,12.74358974,14.36111111,14.44444444,8,10.22222222,19.5483871
Nonspecific tuberculin test reaction,19.42857143,10.95,NA,NA,12.55,11.05,NA,10.95,19.42857143,11.7826087
Primary ovarian failure,19.30769231,10.44117647,13.64,17.56521739,14.36666667,15.42424242,10.44117647,19.30769231,13.39285714,10.51724138
Tachycardia,19.20689655,13.60294118,14.28148148,15.8041958,15.63571429,19.20689655,18.16312057,17.76978417,17.32191781,13.60294118
Sciatica,19.12643678,13.47435897,13.51219512,14.42696629,16.86904762,19.12643678,16.81395349,17.85365854,16.97647059,13.47435897
Chronic kidney disease due to hypertension,19.04081633,11.34,11.34,13.14893617,13.1372549,18.83333333,17.7254902,17.98039216,19.04081633,17.52083333
Disorders of initiating and maintaining sleep,18.875,9.08,NA,9.904761905,9.08,11.66666667,9.571428571,18.875,12.15,NA
Late effect of injury,18.80952381,11.85714286,NA,NA,15.35,18.80952381,12.56521739,11.85714286,12.75,NA
Polyneuropathy,18.78448276,13.7079646,14.41904762,18.78448276,16.18181818,17.88983051,16.90517241,15.24347826,14.86324786,13.7079646
"Primary gonarthrosis, bilateral",18.7826087,8.12,8.12,12.65217391,9.833333333,12.54545455,NA,18.7826087,11.71428571,13.15
Postprocedural state finding,18.66917293,12.11678832,12.55371901,12.65116279,18.66917293,16.44927536,14.55639098,16.5203252,13.54814815,12.11678832
Inflammation of sacroiliac joint,18.65,8.666666667,NA,8.666666667,NA,18.65,NA,NA,NA,NA
Disorder due to infection,18.64285714,8.037037037,9.222222222,8.037037037,8.333333333,16.35714286,17.44,18.64285714,15.92307692,9.740740741
Joint pain of pelvic region,18.5862069,11.96,14.82352941,15.72727273,15.53571429,18.5862069,18.20408163,16.52830189,16.35294118,11.96
Disorder of kidney and/or ureter,18.52727273,10.75384615,11.30909091,13.53448276,18.52727273,15.47761194,14.15873016,14.83606557,14.125,10.75384615
Pure hyperglyceridemia,18.31666667,16.31666667,16.89285714,18.31666667,17.44262295,18.06896552,17.28813559,16.85,17.85964912,16.31666667
Adjustment disorder with depressed mood,18.26666667,10.87096774,12.34375,10.87096774,13.77419355,16.09677419,13.9375,16.29032258,18.26666667,13.03030303
Chronic maxillary sinusitis,18.25,14.36363636,16.05714286,15.5,14.36363636,17.79545455,17.05263158,18.25,17.51162791,18.02380952
Osteoarthrosis of the carpometacarpal joint of the thumb,18.13636364,10.66666667,13.97777778,18.13636364,13.43181818,12.42,12.37837838,13.325,10.66666667,11.02380952
Retention of urine,18.125,9.285714286,9.285714286,9.483870968,10.96363636,12.44642857,11.43859649,9.859649123,18.125,13.52830189
Greater trochanteric pain syndrome,18.125,11.74324324,13.87142857,11.74324324,13.69333333,14.80519481,17.02898551,15.17647059,18.125,12.66071429
Non-rheumatic mitral valve disease,18.06896552,10.79411765,11.35294118,12.55555556,18.06896552,18,10.79411765,11.05882353,12.63333333,14.46428571
Conductive hearing loss,18.04761905,10.80952381,NA,11.95238095,NA,12.36363636,17.2,10.80952381,13,18.04761905
Localized infection of skin AND/OR subcutaneous tissue,18.04,6.027027027,6.027027027,6.133333333,7.295454545,8,8.14893617,12.38461538,15.17307692,18.04
Disease of liver,17.9375,14.2173913,17.72222222,17.70491803,17.14516129,17.39130435,17.9375,16.81538462,14.2173913,14.55
Left upper quadrant pain,17.925,7.351351351,8,12.22222222,17.925,15.84615385,16,10.69230769,12.2,7.351351351
Dystrophia unguium,17.85714286,11.39285714,12.34782609,13.75,11.39285714,16.77777778,17.13636364,17.85714286,15.68181818,15
Iron deficiency,17.85714286,12.33333333,12.60655738,13.58208955,14.95384615,17.85714286,13.46153846,16.37313433,14.15625,12.33333333
Brachial radiculitis,17.84615385,10.65517241,10.65517241,11.66666667,11.25,17.84615385,11.27586207,13.39285714,15.07142857,13.57692308
Unplanned pregnancy,17.7,10.15,NA,11.4,10.15,11,13.35,NA,17.7,12.04761905
Pregnant,17.69565217,15.63636364,NA,NA,NA,NA,NA,17.69565217,15.63636364,15.77272727
Intramural leiomyoma of uterus,17.58974359,13.05128205,13.51612903,15.07894737,16.52631579,17.58974359,17.33333333,14.71794872,13.05128205,13.84375
Thigh pain,17.40909091,9.730769231,NA,11.22727273,9.730769231,17.40909091,NA,12.92307692,13,NA
Dysphagia,17.28225806,13.86666667,15.96850394,17.28225806,15.84375,17.12781955,13.86666667,16.7578125,17.10606061,14.152
Maternal AND/OR fetal condition affecting labor AND/OR delivery,17.25,15.95,15.95,17.25,NA,NA,NA,NA,NA,NA
Verruca plantaris,17.14285714,11.51428571,12.78787879,15.17647059,14.70588235,17.14285714,14.5483871,11.51428571,13.14285714,12.60714286
Chronic low back pain,16.96969697,10.63888889,10.63888889,12.43243243,11.91666667,12.94736842,16.15789474,12.66666667,10.97222222,16.96969697
Incontinence of feces,16.96,12.15384615,12.15384615,16.16,15.30769231,16.96,13.11111111,12.72413793,14.64,15.25
Sprain of ankle,16.9122807,11.43396226,11.43396226,14.78846154,13.92156863,12.44230769,16.9122807,15.10869565,16.22,12.93181818
Upper abdominal pain,16.90909091,8.461538462,8.461538462,11.875,8.875,11.25925926,16.90909091,11.8,9.869565217,NA
Anterior chamber intraocular lens present,16.80952381,8,NA,8,NA,NA,16.80952381,NA,8.1,NA
Right upper quadrant pain,16.65979381,10.04166667,11.18181818,11.43877551,11.8,16.65979381,10.6122449,11.32967033,11.53125,10.04166667
Cerebral infarction,16.65217391,9,NA,9,NA,14.16666667,16.3,NA,16.65217391,10.42857143
Heart disease,16.625,7,7,9.270833333,12.34782609,10.94642857,16.625,12.95918367,14.50980392,10.23913043
Dizziness and giddiness,16.52881356,13.72241993,13.72241993,13.96140351,16.08127208,16.52881356,14.68904594,15.80344828,13.95033113,13.97826087
Exercise induced bronchospasm,16.5,9.078947368,9.078947368,16.5,9.111111111,10.61290323,9.611111111,9.894736842,10.81578947,10.48571429
Reduced libido,16.41935484,11.25,12.40740741,14.55172414,14.53846154,15.23333333,15.64285714,16.41935484,11.25,14.14814815
Benign paroxysmal positional vertigo,16.4,9.644444444,12.10869565,12.2037037,12.65454545,16.4,10.23636364,11.48214286,13.20408163,9.644444444
Inflammatory disorder of digestive tract,16.29166667,7.185185185,15,13.95454545,16.29166667,11.36,10.22222222,9.689655172,8.75,7.185185185
Seborrheic keratosis,16.24242424,10.125,12.11764706,10.125,12.11428571,15.80555556,16.24242424,12.10526316,11.11764706,11.97142857
Pain in thoracic spine,16.20689655,12.61176471,12.61176471,14.20731707,15.55681818,16.20689655,13.29411765,13.85542169,15.79775281,14.7
Simple goiter,16.18918919,8.783783784,8.783783784,14.45238095,11.58974359,13.07692308,11.30952381,12.43243243,16.18918919,12.3125
Melanocytic nevus of lower limb,16.17391304,6.103448276,16.17391304,13.5,11.51851852,15.07692308,13.35483871,12.58064516,11.96774194,6.103448276
Temporomandibular joint disorder,16.17391304,7.730769231,12,11.91304348,NA,16.17391304,9.653846154,7.730769231,13.56521739,16
Degeneration of lumbar intervertebral disc,16.17142857,9.933333333,10.5,10.98113208,9.933333333,16.17142857,12.33018868,12.55555556,13.58490566,12.34408602
Primary malignant neoplasm of skin,16.15,16.15,NA,NA,NA,16.15,NA,NA,NA,NA
Pulmonary hypertension,16.13636364,8.15,9.238095238,11.35,15.25,13.68181818,16.13636364,14.27272727,9.375,8.15
Talipes planus,16.09677419,9.257142857,10.1,16.09677419,15.76666667,16.05555556,15.36666667,11.66666667,9.257142857,11.06451613
Sensorineural hearing loss,15.98648649,11.70666667,11.70666667,11.75609756,12.66666667,14.46153846,15.98648649,14.01351351,15.71232877,14.21875
Joint pain,15.87162162,11.23484848,12.40740741,14.21768707,14.40145985,15.87162162,14.08823529,12.93006993,14.88888889,11.23484848
Pleuritic pain,15.82608696,11.81481481,15.82608696,14.49090909,14.07272727,14.86885246,12.51724138,12.01639344,13.25423729,11.81481481
Diaphragmatic hernia,15.81818182,9.24742268,11.7311828,9.944444444,11.69565217,15.81818182,9.24742268,10.57142857,14.86734694,11.6125
Lumbar spondylosis,15.80620155,10.16239316,10.16239316,12.88034188,13.57391304,15.80620155,13.91964286,14.56034483,12.28571429,11.51282051
Lobar pneumonia,15.73076923,7.791666667,8.166666667,15.73076923,8.24137931,10.6,7.791666667,14.69565217,11.07692308,8.64
Osteoarthritis,15.69198312,11.18181818,11.18181818,14.18518519,13.73245614,15.69198312,13.06696429,14.16289593,13.94570136,12.87922705
Spasm,15.68181818,10.10434783,10.31428571,10.5982906,13.06481481,15.68181818,11.46428571,12.19298246,12.67567568,10.10434783
Pneumonia,15.671875,9.68852459,12.46666667,15.04918033,11.10294118,11.23611111,9.68852459,13.53333333,15.671875,11.42424242
Arthralgia of temporomandibular joint,15.66666667,7.222222222,9.269230769,10.03703704,9.6,12.96666667,8.071428571,7.222222222,15.66666667,8.62962963
Chronic sinusitis,15.65625,11.16393443,11.515625,12.32283465,12.47794118,14.22962963,13.65873016,13.336,15.65625,11.16393443
Mitral valve disorder,15.59259259,10.33333333,10.33333333,13.95454545,15.11538462,15.59259259,11.26923077,14.20833333,14.11538462,14.33333333
Injury of head,15.57142857,3.766666667,5.235294118,11.21212121,3.766666667,5.96969697,6.606060606,5.657142857,8.228571429,15.57142857
Diplopia,15.48,7.769230769,15.07407407,10.48148148,15.48,7.933333333,7.769230769,10.2,12.80769231,9.125
Pain in toe,15.46428571,9.655737705,10.25,9.967213115,12.8490566,10.71875,15.46428571,14.45762712,9.655737705,12.59259259
Disorder of musculoskeletal system,15.3877551,7.88,8.533333333,15.3877551,12.58181818,10.11864407,8.351851852,9.02,8.813559322,7.88
Pain in left knee,15.35546875,12.66086957,12.66086957,15.35546875,12.95,14.67058824,13.26640927,13.26530612,13.67857143,13.27346939
Generalized abdominal pain,15.275,8.697368421,12.42666667,13.01298701,14.96,15.275,13.21518987,13.01351351,12.62025316,8.697368421
Bunion,15.24,8.28,9.571428571,10.37037037,12.53571429,15.24,8.28,11.2,13.03703704,12.19230769
Snapping thumb syndrome,15.2,5.857142857,NA,8.75,10.81818182,12.73076923,9.476190476,15.2,NA,5.857142857
Primary insomnia,15.19672131,13.60344828,14.84,14.51785714,13.96610169,15.19672131,13.60344828,13.91525424,13.73214286,13.83333333
Disorder of endocrine system,15.19047619,9.652173913,9.652173913,11.45,10.8,11.86956522,13.47619048,15.19047619,12.45454545,14.43478261
Polyp of corpus uteri,15.11111111,6.888888889,8.730769231,9.5,8.454545455,7.5,8.541666667,15.11111111,10.57142857,6.888888889
Impingement syndrome of shoulder region,15.09677419,9.963636364,10.91666667,13.71875,15.09677419,14.55737705,10.82608696,10.01612903,10.09090909,9.963636364
Precordial pain,15.03030303,8.029411765,8.029411765,10.31428571,10.11764706,15.03030303,9.142857143,9.941176471,11.83333333,10.74074074
Dizziness,15,7.318181818,NA,NA,15,NA,NA,NA,NA,7.318181818
Abnormal findings on diagnostic imaging of breast,14.98895028,7.903614458,7.903614458,10.8700565,12.29508197,11.68062827,10.37894737,11.98913043,14.98895028,9.960893855
Right lower quadrant pain,14.96363636,11.22058824,14.96363636,14.31034483,12.89285714,11.74242424,11.90625,11.22058824,12,13.8490566
Nicotine dependence,14.91891892,8.901234568,12.4057971,14.91891892,12.46052632,14.51851852,12.32467532,12.13157895,10.62962963,8.901234568
Ingrowing nail,14.87179487,7.972972973,9,10.70731707,9.186046512,14.87179487,7.972972973,10.88235294,11.05882353,9.314285714
Malaise,14.83928571,10.7254902,11.22077922,13.39751553,12.71257485,14.83928571,14.27702703,12.37423313,12.37106918,10.7254902
Anemia due to chronic blood loss,14.8,14.8,NA,14.8,NA,NA,NA,NA,NA,NA
Increased frequency of urination,14.75757576,7.65625,12.64285714,9.15625,10.12121212,8.606060606,13.72222222,14.75757576,9.882352941,7.65625
Lesion of ulnar nerve,14.75,9.833333333,10.25581395,14.75,13.68292683,11.73333333,10.6744186,11,12.73684211,9.833333333
Irritable bowel syndrome with diarrhea,14.74358974,7.35483871,9.8,10.2,14.25714286,11.13157895,14.74358974,10.525,12.28205128,7.35483871
Uncomplicated mild persistent asthma,14.73015873,11.64516129,12.11666667,11.64516129,14.73015873,14.60869565,12.95454545,11.8115942,14.03125,12.9137931
Female genital organ symptoms,14.70967742,10.8,13.12903226,14.02941176,13.84375,14.70967742,10.91176471,13.03333333,11.34375,10.8
Hypokalemia,14.68493151,10.77027027,10.77027027,10.96470588,12.09876543,14.68493151,13.30985915,12.8961039,13.21794872,11.25714286
Clinical finding,14.63636364,7.878787879,7.878787879,8.6875,10.64,14.63636364,12,10.79411765,12.90909091,10.9
Postmenopausal bleeding,14.62745098,10.5106383,11.60869565,10.5106383,14.62745098,14.2244898,12.88235294,12.52,14.5,12.76595745
Acquired hallux rigidus,14.6,6.954545455,6.954545455,NA,8.095238095,NA,10.86956522,12.38095238,14.6,10.8
Prolapse of female genital organs,14.55,10.73913043,NA,12.42857143,10.73913043,NA,NA,NA,14.55,NA
Pain,14.48387097,10.80745342,10.80745342,11.79268293,12.51123596,14.48387097,11.5,11.51666667,12.03888889,11.01169591
Abnormal findings on diagnostic imaging of skull and head,14.47619048,6.333333333,6.333333333,9.35,6.88,8.739130435,13.95454545,14.47619048,6.434782609,8.230769231
Lumbar spondylosis with myelopathy,14.46666667,3.379310345,5.708333333,6.903225806,10.03571429,9.060606061,7.965517241,14.46666667,9.379310345,3.379310345
Loss of consciousness,14.38235294,8.787878788,8.787878788,12.71568627,12.6,14.38235294,12.80412371,11.15384615,12.09803922,12.06521739
Injury of lower leg,14.35714286,6.696969697,8.266666667,14.35714286,6.696969697,9.636363636,7,8.9,9.129032258,10.45454545
Pain in right hip joint,14.33333333,8.909090909,10.45454545,11.52173913,10.88,14.33333333,13.39130435,10.85185185,14.08695652,8.909090909
Melanocytic nevus of upper limb,14.25806452,7.172413793,13.25806452,12.75757576,12.44827586,14.03333333,14.25806452,12.96875,13.46666667,7.172413793
Sprain of shoulder rotator cuff,14.24,7.851851852,7.851851852,13.95652174,10.25,14.24,10.82142857,11.40909091,9.518518519,11.04347826
Chronic rhinitis,14.2295082,10.54368932,11.10784314,13.25454545,14.21052632,14.2295082,12.49090909,12.66055046,12.57264957,10.54368932
Current tear of medial cartilage AND/OR meniscus of knee,14.2,8.121212121,9.166666667,14.2,10.61290323,10.725,9.205128205,8.675675676,9.545454545,8.121212121
Benign neoplasm of colon,14.175,9.855263158,9.855263158,10.46666667,11.90666667,11.52272727,10.79166667,14.175,12.54794521,10.03797468
Generalized hyperhidrosis,14.06122449,9.87755102,12.66666667,13.72093023,10.91489362,12.26086957,13.04545455,14.06122449,10.62,9.87755102
Cellulitis of finger,14.04761905,9.772727273,14.04761905,11.45,NA,9.772727273,NA,NA,NA,NA
Atopic dermatitis,14,8.52,8.52,10.53571429,9.464285714,12.92,8.962962963,12.25925926,14,12.2
Acquired hallux valgus,14,8.942857143,11.94117647,9.939393939,14,13.375,11.5483871,11.91176471,11.86111111,8.942857143
Breast lump,13.92105263,9.2,12.4,12.84210526,10.71604938,13.1,10.65060241,10.98611111,13.92105263,9.2
Disorder of hematopoietic structure,13.84375,8.794117647,8.794117647,10.61111111,11.44444444,13.36111111,10.74285714,9.382352941,13.02941176,13.84375
Radial styloid tenosynovitis,13.77272727,8.428571429,8.428571429,10.05,13.77272727,NA,NA,9.636363636,10.72727273,10.14285714
Nausea,13.75816993,9.74,9.74,13.75816993,11.15231788,11.74025974,12.13793103,12.79710145,11.77333333,11.39416058
Abnormal glucose level,13.734375,9.133333333,13.671875,11.32352941,13.734375,11.16129032,12.203125,10.85245902,9.133333333,9.661290323
Falls,13.70833333,7.4,7.4,9.464285714,9.217391304,11.33333333,13.70833333,8.583333333,7.551724138,8.25
Onychomycosis due to dermatophyte,13.69135802,8.307692308,11.6375,11.48780488,10.95348837,13.69135802,12.75675676,9.963414634,8.532608696,8.307692308
Hernia of anterior abdominal wall,13.66666667,5.80952381,7.130434783,13.66666667,10.34782609,13.6,11.7826087,5.80952381,NA,NA
Prolapsed lumbar intervertebral disc,13.66666667,8.333333333,9.039215686,8.333333333,10.44680851,9.754716981,10.88888889,11.67307692,13.66666667,10.3877551
Pain in right lower limb,13.66346154,9.720430108,9.720430108,11.48387097,10.9893617,13.66346154,11.00990099,10.88888889,12.16304348,12.26744186
Elbow joint pain,13.65079365,9.288135593,10.21052632,11.98275862,12.05,13.65079365,12.73770492,12.80357143,11.01666667,9.288135593
Heart murmur,13.61538462,8.785714286,13.61538462,12.84615385,10.47368421,8.823529412,12.5,8.785714286,12.16,9.276595745
Lumbosacral stenosis,13.57142857,8,NA,8,NA,13.57142857,NA,NA,NA,NA
Unstable knee,13.5,7.904761905,NA,NA,7.904761905,9.952380952,NA,NA,13.5,NA
Left lower quadrant pain,13.41666667,8.720588235,9.033333333,11.38709677,12.36507937,13.41666667,12.0877193,12.54545455,11.12121212,8.720588235
Secondary cataract,13.375,9.357142857,13.375,11.86666667,10.37931034,12.17857143,9.615384615,11,9.357142857,10.04166667
Erectile dysfunction,13.31325301,9.56,9.56,9.728395062,10.56790123,11.47058824,9.987179487,10.57333333,13.31325301,10.06024096
Disorder of sacrum,13.2962963,7.230769231,8.956521739,9.8,11.13333333,12.37037037,8.464285714,13.2962963,7.230769231,7.545454545
Ventricular premature complex,13.27586207,9.949152542,9.949152542,11.58333333,12.36666667,13.27586207,11.17741935,12.96774194,11.03389831,10.28333333
Atrophic condition of skin,13.25,8.5,8.5,10.66666667,10.40909091,13.25,NA,NA,NA,NA
Vitreous opacities,13.23076923,7.12,8.038461538,8.642857143,13.23076923,11.30357143,9.589285714,8.381818182,7.12,8.403846154
Pruritus of skin,13.14285714,9.454545455,NA,NA,10.38095238,12.35,NA,13.14285714,9.454545455,NA
Allergic disposition,13.1047619,8.731182796,11.51612903,12.33,10.40566038,13.1047619,9.947916667,10.95959596,10.73737374,8.731182796
Strain of muscle and/or tendon of thigh,13.1,9.6,NA,NA,NA,13.1,NA,9.6,NA,NA
Fatigue,13.04988124,8.774535809,9.031413613,11.71568627,12.05459057,13.04988124,10.79844961,10.78921569,9.902743142,8.774535809
Peripheral circulatory disorder due to type 2 diabetes mellitus,13,7.269230769,7.269230769,10.44,9.2,10.60869565,10.25,13,11.36363636,8.9
Cataract,13,8.492537313,11.16901408,12.69014085,12.66216216,13,12,8.492537313,9.623188406,9.451612903
Flushing,13,9.441176471,10.39726027,12.79710145,13,12.25333333,10.62121212,10.73913043,9.814285714,9.441176471
Abnormal findings on diagnostic imaging of lung,13,9.968553459,10.53012048,13,11.31764706,12.66666667,10.34502924,12.59036145,11.87116564,9.968553459
"Mild major depression, single episode",12.96666667,9.205882353,10.06451613,12.96666667,12.83333333,9.888888889,10,11.09375,10.5,9.205882353
Bradycardia,12.9375,10.45977011,10.45977011,11.86138614,12.88888889,12.9375,11.52475248,10.67010309,12.84375,10.96551724
Lateral epicondylitis,12.93023256,7.971428571,9.465116279,10.46808511,9.266666667,12.93023256,10.83333333,9.130434783,8.534883721,7.971428571
"Localized, primary osteoarthritis of the hand",12.92105263,7.322580645,10.12307692,10.2238806,10.3,12.92105263,10.07692308,7.322580645,8.971428571,9.343283582
Retinal disorder,12.9,12.9,NA,NA,NA,NA,NA,NA,12.9,NA
Borderline glaucoma,12.85882353,8.487179487,8.487179487,10.65517241,11.06097561,12.85882353,12.17073171,11.36144578,11.13095238,11.47560976
Neoplastic disease of uncertain behavior,12.82222222,9.85106383,12.82222222,11.21428571,11.31111111,12.14,11.33333333,9.85106383,12.39534884,11.30232558
"Localized, primary osteoarthritis of the ankle and/or foot",12.80701754,8.25,8.25,10.02857143,11.59016393,10.96969697,10.12307692,9.650793651,11.04411765,12.80701754
Dysuria,12.80097087,8.864864865,9.130434783,10.21649485,10.055,10.36633663,10.56185567,11.07446809,12.80097087,8.864864865
Cardiomegaly,12.79661017,7.37704918,7.37704918,11.3,8.476923077,10.13846154,12.79661017,12.15,11.33333333,10.07407407
Solitary nodule of lung,12.78494624,7.34375,7.34375,9.141414141,7.79,9.807692308,12.78494624,11.48913043,10.26086957,8.08988764
Hypertrophy of nasal turbinates,12.75675676,8.212121212,8.257142857,11.28125,9.166666667,10.36585366,9.324324324,12.75675676,9.727272727,8.212121212
Microscopic hematuria,12.75675676,8.378378378,9.838709677,10.30769231,11.91428571,10.10526316,10.87878788,12.75675676,9.684210526,8.378378378
Wrist joint pain,12.74757282,9.867346939,10.08139535,11.42268041,10.62765957,12.4,10.55102041,12.74757282,11.45631068,9.867346939
Joint derangement,12.72727273,7.962962963,10.28571429,8.68,7.962962963,10.96296296,12.72727273,10.71428571,12,9.15
Joint stiffness,12.71428571,11,11,NA,NA,12.71428571,NA,NA,NA,NA
Chill,12.7,6.347826087,12.7,NA,9,9.304347826,10.54545455,6.347826087,8.5,6.80952381
Nausea and vomiting,12.69298246,8.526315789,9.432692308,10.50877193,11.78333333,11.2,8.798165138,9.382608696,12.69298246,8.526315789
Idiopathic osteoarthritis,12.66949153,10.09803922,10.09803922,11.91525424,11.4,12.016,12.19130435,12.10810811,12.66949153,12.34579439
C-reactive protein abnormal,12.65,7.095238095,7.095238095,NA,11.57142857,11.28571429,11.14285714,8.56,12.65,10.80952381
Anesthesia of skin,12.62179487,8.326530612,8.78,8.326530612,9.293333333,12.07843137,12.62179487,10.41333333,10.80821918,9.760869565
"Localized swelling, mass and lump, neck",12.55263158,7.419354839,12.55263158,10.58139535,11.94444444,10.73809524,9.351351351,9.45,9.921052632,7.419354839
Disorder of lacrimal gland,12.54545455,9.45,12.54545455,10,12.04545455,10.36363636,9.45,NA,NA,NA
Asthenia,12.54444444,8.795698925,9.510869565,11.46590909,8.795698925,11.43298969,10.61956522,10.93478261,12.54444444,8.901098901
Intestinal malabsorption,12.53333333,6.32,10.4137931,8.441176471,10.54545455,12.53333333,9.538461538,10.39285714,11.34482759,6.32
Atypical squamous cells of undetermined significance on cervical Papanicolaou smear,12.52,5.72,NA,5.85,9.523809524,10.14285714,10.51724138,12.52,8.730769231,5.72
Pain of breast,12.484375,8.7,8.7,11.08823529,10.58823529,12.484375,9.090909091,10.71014493,10.30434783,9.178571429
Generalized enlarged lymph nodes,12.48,8.233333333,10.26666667,12.39285714,10.57142857,10.65625,12.48,8.413793103,10.53571429,8.233333333
Lumbosacral spondylosis without myelopathy,12.39622642,8.416666667,8.416666667,11.39130435,11.01923077,12.10909091,11,12.39622642,10.09433962,8.8
Urinary tract infectious disease,12.38953488,10.10365854,10.10365854,12.15060241,11.22222222,12.0862069,11.69879518,12.38953488,11.84795322,10.75
Fever,12.33082707,10.40441176,10.54330709,11.54545455,10.84920635,12.33082707,11.34848485,11.33802817,10.64028777,10.40441176
Disorder of pregnancy,12.32432432,7.210526316,9.125,9.606060606,7.210526316,12.32432432,9.486486486,8.05,7.4,8.84375
Hearing loss of left ear,12.32142857,7.275862069,7.965517241,9.096774194,8.896551724,7.275862069,11.89285714,9.653846154,10.07142857,12.32142857
Osteoarthritis of left knee joint,12.31428571,6.757575758,6.757575758,7.545454545,9.580645161,12.31428571,8.176470588,8.714285714,11.45714286,9.9375
Hypersomnia,12.28282828,9.329411765,11.80412371,9.948979592,11.54166667,12.28282828,9.898876404,9.951807229,10.47311828,9.329411765
Knee joint effusion,12.24,7.8875,7.955882353,10.71052632,8.026315789,12.24,8.565789474,7.8875,9.323943662,9.939393939
Umbilical hernia,12.2,4.6,NA,NA,NA,12.2,9.75,7.4,NA,4.6
Bilateral hearing loss,12.17391304,8.170731707,9.785714286,8.857142857,9.906976744,12.17391304,10.175,11.27272727,10.48717949,8.170731707
Sprain of upper extremity,12.16129032,9.464285714,10.59375,12.16129032,12.06451613,11.94285714,11.27272727,11.51612903,10.84848485,9.464285714
Inflammatory dermatosis,12.11981567,8.46875,9.328571429,10.45116279,10.49056604,12.11981567,9.519047619,9.847222222,9.901345291,8.46875
Gastro-esophageal reflux disease with esophagitis,12.11340206,7.972972973,8.482758621,9.022727273,11.28571429,12.11340206,10.64367816,11.2125,12.03658537,7.972972973
Pain in left lower limb,12.10909091,8.114285714,8.618556701,9.435185185,9.558823529,12.10909091,8.942857143,8.114285714,8.558823529,8.25
Hematuria syndrome,12.10843373,7.909090909,7.909090909,10.63013699,10.21917808,10.52439024,11.76056338,12.10843373,10.4625,9.194444444
Diverticular disease,12.10416667,5.5,5.5,7.307692308,9.382978723,12.10416667,10.30769231,12.09433962,10.48,10.70731707
Spondylosis without myelopathy,12.06451613,8.088235294,10.25,10.61290323,8.088235294,10.22222222,8.454545455,9.648648649,11.875,12.06451613
Headache disorder,12.06060606,6.363636364,6.363636364,9.888888889,9.029411765,9.942857143,9.21875,9,12.06060606,9.413793103
Oropharyngeal dysphagia,12.05,10.14285714,NA,NA,12.05,NA,NA,10.14285714,NA,NA
Disorder of eyelid,12.04545455,5.904761905,7.3,12.04545455,8.583333333,7.8,6.666666667,7.136363636,9.285714286,5.904761905
Disorder of intestine,12,8.017391304,12,11.25423729,11.69565217,11.81818182,10.7768595,9.959016393,11.55,8.017391304
Female stress incontinence,12,8.283333333,10.66101695,11.31147541,10.10447761,12,11.61904762,11.55555556,11.26315789,8.283333333
Abnormal involuntary movement,11.95238095,3.85,4.260869565,6.227272727,4.714285714,NA,5.952380952,5.217391304,3.85,11.95238095
Electrocardiogram abnormal,11.93859649,8.281818182,8.281818182,9.752136752,11.93859649,10.63865546,9.611570248,8.290322581,9.836065574,10.03571429
Pain in left arm,11.90909091,7.6875,8.409090909,8.25,7.6875,10.86666667,11.90909091,10.17857143,8.666666667,10.66666667
Hyperglycemia,11.90225564,8.4,10.79310345,11.90225564,11.76470588,10.41221374,8.966101695,8.4,9.593495935,8.822580645
"Injury of muscle and tendon of abdomen, lower back and pelvis",11.9,9.909090909,9.909090909,10.92,NA,NA,NA,11.9,NA,NA
Bilateral cataracts,11.88571429,5.6,11.1875,11.88571429,11,8.075,6.789473684,6.342105263,8.307692308,5.6
Imaging result abnormal,11.88235294,8.243243243,9.125,11.88235294,10.60606061,8.243243243,8.628571429,9.363636364,9.606060606,10.37142857
Dependence on enabling machine or device,11.87401575,7.773109244,11.16,9.4375,8.823076923,11.87401575,11.09448819,10.06060606,11.17094017,7.773109244
Deviated nasal septum,11.86792453,6.944444444,9.509433962,10.20408163,9.052631579,9.833333333,9.408163265,11.86792453,9.5,6.944444444
Secondary erectile dysfunction,11.83333333,8.444444444,11.83333333,8.541666667,9.961538462,9.074074074,9.692307692,8.444444444,10.67857143,8.464285714
Leukorrhea,11.80952381,4.727272727,5.666666667,5.55,NA,6.5,NA,11.80952381,9.952380952,4.727272727
Iliotibial band friction syndrome,11.78571429,8.75,9.703703704,9.517241379,9.793103448,11.78571429,10.75862069,9.896551724,8.75,9.75
Adjustment disorder with anxious mood,11.7826087,7.916666667,7.916666667,8.5,9.75,11.7826087,9.2,9.269230769,9.769230769,9
Generalized aches and pains,11.7804878,7.454545455,11.66666667,10.5,11.25806452,11.7804878,8.771428571,9.194444444,9.05,7.454545455
Constipation,11.75274725,8.412121212,10.41340782,10.69832402,11.5433526,11.75274725,9.216666667,10.50282486,10.36,8.412121212
Candida infection of genital region,11.74193548,8.3125,9.296296296,9.275862069,8.3125,11.32352941,8.9375,11.74193548,10.4375,9.740740741
Excessive and frequent menstruation,11.69811321,6.50877193,6.50877193,8.896551724,8.586206897,9.403225806,8.224137931,7.881355932,11.69811321,7.127272727
Epidermoid cyst of skin,11.66666667,8.276595745,10.5952381,9.269230769,9.36,11.66666667,10,8.276595745,8.666666667,9.523809524
Mixed urinary incontinence,11.65306122,8.104166667,8.2,9.075,8.104166667,10.16666667,9.85,8.886792453,11.65306122,8.733333333
Localized edema,11.64356436,8.336538462,8.989361702,10.10638298,8.336538462,11.64356436,9.768421053,9.53125,8.989130435,9.404494382
Amnesia,11.60655738,8.75,8.826923077,11.5,11.3880597,11.0483871,11.60655738,10.60606061,8.75,10.23214286
Hemangioma of skin and subcutaneous tissue,11.59558824,7.322834646,9.119047619,7.322834646,9.982608696,11.59558824,11.53225806,9.087301587,8.015503876,9.008130081
Mild intermittent asthma,11.58426966,7.837349398,9.072289157,9.333333333,9.417647059,11.58426966,9.782352941,8.666666667,10.20118343,7.837349398
Biceps tendinitis,11.5483871,6.666666667,7.818181818,7.228571429,11.5483871,10.21052632,8.485714286,8.485714286,6.71875,6.666666667
Osteoarthritis of right knee joint,11.5,8.035714286,8.035714286,9.8125,8.484848485,11.41935484,9.266666667,9.774193548,10.39285714,11.5
Abnormal finding on evaluation procedure,11.48648649,8.660714286,10.42857143,10.16,10.42553191,11.05882353,10.39583333,8.660714286,9.791666667,11.48648649
Tibialis tendinitis,11.46428571,7.115384615,8.25,7.115384615,7.333333333,11.46428571,8.259259259,8.84,9.64,9.25
Nerve root disorder,11.46153846,5.258064516,7.032258065,7.206896552,7.066666667,7.833333333,7.666666667,11.46153846,6.9,5.258064516
Erythema of skin,11.45,4.619047619,NA,6.863636364,11.45,NA,NA,4.619047619,7.3,NA
Upper respiratory infection,11.42857143,2.652173913,4.5,11.42857143,8.7,10.55,NA,3.19047619,NA,2.652173913
Intervertebral disc disorder of lumbar region with myelopathy,11.4,4.805555556,10.48387097,7.764705882,11.25806452,8.611111111,7.243902439,10.875,11.4,4.805555556
Genitourinary tract hemorrhage,11.35353535,8.881188119,8.881188119,11.21,8.933962264,10.16037736,11.35353535,10.73831776,10.45714286,10.04347826
Basal cell carcinoma of skin,11.33333333,8.795454545,10.51219512,8.931818182,9.43902439,10.70731707,9.880952381,9.893617021,11.33333333,8.795454545
Anorectal disorder,11.32258065,5.740740741,5.740740741,5.966666667,6.153846154,11.32258065,7.032258065,8,9.259259259,5.782608696
Urgent desire to urinate,11.28378378,8.253968254,8.859649123,9.513513514,9.954545455,11.28378378,10.54166667,10.75,9.119402985,8.253968254
Pain in right foot,11.27891156,7.298611111,9.64137931,9.678787879,10.20547945,10.25,11.27891156,8.088435374,8.917241379,7.298611111
Hyperkalemia,11.25641026,5.931818182,8.735294118,9.666666667,11.25641026,9.613636364,10.88636364,10.09756098,7.452380952,5.931818182
Uncomplicated asthma,11.21754386,8.084558824,8.302919708,9.846428571,9.645833333,11.21754386,9.547794118,8.992882562,8.920689655,8.084558824
Disorder of shoulder,11.20588235,6.559322034,6.956521739,9.403225806,11.20588235,10.2238806,9.028169014,8.470588235,7.84057971,6.559322034
"Abdominal distension, gaseous",11.1827957,7.951807229,8.681818182,8.681818182,9.032258065,11.1827957,8.941860465,8.692307692,8.726315789,7.951807229
Acute pharyngitis,11.16666667,7.796460177,8.044897959,9.895582329,9.330578512,11.16666667,9.966527197,9.652542373,9,7.796460177
Plantar fascial fibromatosis,11.15503876,8.341880342,8.341880342,10.45,10.18644068,11.15503876,10.53658537,9.512,9.728,10.14035088
Lichen simplex chronicus,11.14285714,8.826086957,NA,NA,NA,11.14285714,8.826086957,NA,NA,NA
Irregular periods,11.12328767,8.734177215,10.66666667,11.12328767,9.24,9.392405063,8.734177215,8.95890411,10.79710145,8.861538462
Displacement of lumbar intervertebral disc without myelopathy,11.1,11.1,NA,NA,NA,NA,NA,11.1,NA,NA
Noninflammatory disorder of the vagina,11.072,8.150793651,8.396825397,8.669291339,8.150793651,9.916030534,9.887218045,11.072,10.64885496,10
Pain due to varicose veins of lower extremity,11.04166667,8.259259259,11.04166667,9.916666667,8.259259259,10.66666667,10.21428571,8.37037037,10.75,8.88
Solitary cyst of breast,11.03846154,7.178571429,8.76,7.178571429,10.09677419,7.96875,8.514285714,10.52,11.03846154,8.607142857
Dysmenorrhea,11.02564103,5.459459459,5.538461538,5.459459459,8.307692308,8.45,6.923076923,8.578947368,11.02564103,7.558823529
Anxiety,10.97183099,7.591549296,9.369230769,9.253521127,9.680555556,10.97183099,9.946666667,9.555555556,9,7.591549296
Pain in limb,10.97142857,7.194968553,7.315436242,7.966101695,8.580838323,10.97142857,8.065868263,7.937106918,7.525316456,7.194968553
Atherosclerosis of aorta,10.95238095,7.173913043,8.285714286,10.95238095,9.583333333,8.48,9.958333333,9.818181818,7.173913043,NA
Lumbosacral radiculopathy,10.91666667,7.071428571,7.620689655,9.24137931,7.071428571,8.5,7.1,10.91666667,8.103448276,7.111111111
Hirsutism,10.9047619,7.75,NA,9.565217391,7.75,8.869565217,10.9047619,8.636363636,NA,NA
Right bundle branch block,10.9,10.9,NA,NA,10.9,NA,NA,NA,NA,NA
Nocturia,10.88461538,6.561403509,6.561403509,8.1875,10.88461538,9.430769231,7.274509804,9.654545455,8.4375,8.48
Hemorrhage of rectum and anus,10.87301587,7.133333333,10.87301587,9.628571429,8.651515152,9.736842105,7.591549296,7.861538462,8.573529412,7.133333333
Injury of upper extremity,10.86956522,5.742857143,7.916666667,5.742857143,6.511111111,10.86956522,7.684210526,10.46153846,8.377777778,5.844444444
Wheezing,10.83333333,6.520833333,6.924528302,10.83333333,9,8.169491525,7.955555556,7.1,6.549019608,6.520833333
Lymphadenopathy,10.82758621,5.71875,8.677419355,10.47058824,10.82758621,8.029411765,5.71875,8.1875,7.64516129,5.75
Disorder of refraction,10.82758621,6.038461538,6.296296296,6.592592593,7.68,8.46875,6.038461538,6.296296296,6.103448276,10.82758621
Hypoxemia,10.80952381,6.772727273,7.833333333,7.230769231,6.772727273,9.08,10.80952381,8.285714286,8.379310345,8.090909091
Complication of procedure,10.80769231,7.321428571,7.321428571,9.785714286,8.576923077,7.633333333,9.074074074,9.346153846,10.80769231,8.333333333
Overactive bladder,10.76190476,4.896551724,7.090909091,10.76190476,8.458333333,9.24,6.642857143,4.896551724,6.777777778,5.76
Gastric polyp,10.73333333,6.47826087,9.608695652,10.73333333,9.413793103,10.73076923,9.769230769,8.47826087,8.464285714,6.47826087
Melena,10.70833333,4.75,6.5,5.64,8.48,10.70833333,7.892857143,6.476190476,7.545454545,4.75
Disorder of soft tissue,10.70503597,6.3828125,7.25,6.720930233,6.3828125,10.70503597,8,7.933884298,8.324074074,8.017391304
Radiology result abnormal,10.67532468,5.565217391,5.565217391,10.67532468,7.592592593,8.226190476,5.8125,7.253333333,9.129411765,8.146666667
Dyspnea on exertion,10.65,10.65,NA,NA,10.65,NA,NA,NA,NA,NA
Hand pain,10.60714286,7.053333333,7.481481481,8.5,9.243589744,10.60714286,8.417721519,7.765432099,8.614457831,7.053333333
Acute posthemorrhagic anemia,10.59259259,5.137931034,8.090909091,7.04,7.115384615,9.92,6.6,5.137931034,6.5625,10.59259259
Disorder of lung,10.59259259,6.965517241,7.571428571,10.59259259,10.17241379,9.535714286,8.137931034,9.642857143,6.965517241,7.111111111
Epidermoid cyst,10.58490566,6.153846154,7.709090909,8.754385965,10.58490566,9.148148148,6.709677419,6.153846154,10,6.592592593
Tinnitus,10.58064516,6.606557377,7.525423729,6.693548387,7.491803279,7.348484848,8.344262295,10.58064516,7.672413793,6.606557377
Epigastric pain,10.56521739,8.577464789,8.915384615,10.56521739,9.654929577,9.605633803,10.25735294,10.40816327,9.828767123,8.577464789
Arthritis of spine,10.54545455,7.952380952,8.476190476,10.54545455,8.782608696,9.4,NA,7.952380952,NA,NA
Low blood pressure,10.54285714,6.829268293,7.657142857,7.702702703,10.54285714,9.944444444,8.710526316,6.829268293,7.513513514,9.026315789
Status migrainosus,10.54166667,8.648148148,9.375,9.97826087,9.465116279,8.648148148,8.957446809,10.54166667,10.53333333,9.02173913
Pain in left foot,10.51515152,8.634146341,9.19375,10.51515152,9.730994152,9.626373626,9.885542169,8.634146341,10.08187135,9.859872611
Muscle strain,10.51111111,7.444444444,9.377777778,8.872727273,9.26,10.51111111,8.717391304,7.979166667,8.659090909,7.444444444
Acquired renal cystic disease,10.4893617,7.6875,7.7,8.659574468,10.4893617,8.9375,7.6875,9.607843137,8.18,8.205128205
Visual disturbance,10.45070423,6.907692308,8.539473684,9.137931034,8.352941176,9.285714286,8.131578947,7.316455696,10.45070423,6.907692308
Atelectasis,10.44680851,7.476190476,8.956521739,9.622222222,10.44680851,8.642857143,8.255319149,9.285714286,9.558139535,7.476190476
Lung field abnormal,10.43589744,7.181818182,9.189189189,10.43589744,8.942857143,9.114285714,9.15625,7.5,10.3125,7.181818182
Acidosis,10.4,9.703703704,10.4,NA,NA,NA,NA,9.703703704,10.33333333,NA
Refractory migraine with aura,10.39130435,5.086956522,NA,7.1,8.5,7.727272727,5.086956522,7.538461538,10.08695652,10.39130435
Benign neoplasm of choroid,10.375,8.045454545,NA,9.380952381,NA,10.04761905,10.375,8.045454545,8.238095238,NA
Altered sensation of skin,10.36363636,6.962962963,7.06779661,7.872727273,8.285714286,8.935483871,10.36363636,8.140350877,8.232142857,6.962962963
Verruca vulgaris,10.35483871,6.784313725,7.6875,7.745454545,8.537037037,10.35483871,7.946428571,9.469387755,8.666666667,6.784313725
"Flatulence, eructation and gas pain",10.33333333,6.115384615,8.206896552,7.25,8.555555556,10.33333333,6.115384615,7.692307692,9.392857143,7.428571429
Disorder of nasal cavity,10.3245614,8.696,10.28440367,8.696,9.449152542,9.392857143,9.058823529,9.28,10.3245614,9.207207207
COVID-19,10.30769231,6.228571429,7.647058824,8.358974359,8.470588235,10.30769231,8.571428571,7.833333333,6.365853659,6.228571429
Disorder of brain,10.2962963,6.633333333,10.28,9.379310345,6.633333333,8.21875,8.25,10.07407407,10.2962963,10.28571429
Disorder of lower leg,10.28571429,7.185185185,NA,7.185185185,10.28571429,9.833333333,10.14285714,10,NA,NA
Enthesopathy of hip region,10.28571429,7.782608696,NA,7.782608696,8.227272727,8.523809524,10.28571429,8,NA,NA
Disorder of lumbar spine,10.28,6.541666667,6.541666667,10.28,7.666666667,10.08333333,8.6,6.565217391,6.545454545,7.9
Enthesopathy of foot region,10.27272727,6.714285714,6.714285714,9.4,9.416666667,9.769230769,10.27272727,6.956521739,9.230769231,7
Chronic fatigue syndrome,10.27173913,7.153846154,7.153846154,8.337078652,8.787234043,10.27173913,8.341772152,8.684782609,9.213483146,8.134831461
Amenorrhea,10.26923077,6.133333333,6.166666667,10.26923077,7.862068966,9.24137931,7.620689655,6.133333333,7.2,7.04
Blood chemistry abnormal,10.26792453,8.505660377,8.505660377,10.11111111,10.26792453,10.24907063,8.652014652,8.840909091,9.68503937,8.87007874
Abnormal urine,10.25581395,6.865384615,8.194444444,6.865384615,7.531914894,10.25581395,8.6875,10.19047619,9.244897959,8.954545455
Atrial premature complex,10.19354839,6.612903226,6.933333333,6.612903226,9.6,10.19354839,9.171428571,8.363636364,9.733333333,8.75862069
Breast signs and symptoms,10.17857143,4.40625,10.17857143,7.59375,4.40625,7.96875,6.230769231,4.607142857,6.448275862,9.076923077
Liver function tests abnormal,10.17333333,6.816901408,8.971428571,8.701298701,8.552631579,10.17333333,7.053333333,6.816901408,7.957746479,7.986111111
Leukocytosis,10.17021277,5.418604651,8.571428571,10.17021277,8.702702703,7.317073171,9.404761905,8.511627907,6.511627907,5.418604651
Lentiginosis,10.15789474,7.727272727,9.3125,8.37037037,9.515151515,10.15789474,9.787878788,7.777777778,8.558823529,7.727272727
Diffuse spasm of esophagus,10.15,7.55,NA,NA,7.55,NA,10.15,8.3,NA,NA
Disorder of skin and/or subcutaneous tissue,10.14351852,6.764705882,6.764705882,8.302325581,8.606796117,10.14351852,8.107317073,7.976744186,9.410138249,7.203045685
Dyspareunia,10.08510638,6.090909091,8.166666667,8.02173913,7.255319149,8.622641509,7.391304348,7.325,10.08510638,6.090909091
Benign neoplasm of skin of lower limb,10.08,5.230769231,9.68,10.08,8.538461538,9.592592593,9.517241379,9.107142857,8.846153846,5.230769231
Disorder of joint of ankle and/or foot,10.07407407,4.384615385,4.384615385,4.580645161,7.571428571,7.074074074,8.833333333,8.956521739,10.07407407,6.173913043
Disorder of hand,10.03773585,6.75,6.75,8.770833333,7.021276596,8.851851852,8.571428571,7.788461538,10.03773585,9.377777778
Senile hyperkeratosis,10.01506024,7.643835616,8.794612795,8.013071895,8.700996678,10.01506024,8.942122186,8.576433121,8.317880795,7.643835616
Infective otitis externa,10,5.041666667,NA,9.318181818,NA,5.041666667,7.391304348,7.619047619,10,NA
Impacted cerumen,10,6.484210526,7.222222222,7.416666667,7.768518519,8.145454545,7.701030928,10,7.104761905,6.484210526
Complication occurring during pregnancy,9.956521739,5.37037037,5.37037037,6.807692308,7.583333333,9.956521739,8.56,8.571428571,8.318181818,6.375
Hydronephrosis,9.952380952,8.136363636,NA,NA,NA,8.857142857,NA,9.952380952,8.136363636,NA
"Localized, primary osteoarthritis of the shoulder region",9.88372093,6.148648649,8.093333333,8.209302326,8.698795181,9.483516484,9.88372093,8.481012658,8.7375,6.148648649
Nasal congestion,9.808988764,5.459770115,7.921052632,9.808988764,7.829545455,7.425742574,6.946236559,6.396039604,7.076086957,5.459770115
Imaging of gastrointestinal tract abnormal,9.807692308,5.363636364,NA,9,NA,8.666666667,7.92,NA,9.807692308,5.363636364
Herpesvirus infection,9.805555556,7.147058824,8.024390244,8.214285714,8.05,8.772727273,9.805555556,9,8.891891892,7.147058824
Non-scarring alopecia,9.803030303,6.348484848,6.348484848,8.956521739,7.379310345,9.768115942,8.753846154,6.867647059,9.803030303,8.689655172
Benign lipomatous tumor,9.772727273,5.608695652,5.64,7.666666667,9.772727273,6.653846154,6.208333333,NA,7.391304348,5.608695652
Osteopenia,9.72972973,5.738095238,5.738095238,8.789473684,8.641025641,8.5,9.72972973,8.487179487,7.675675676,6.275
Menopause finding,9.727272727,5.296296296,6.333333333,9.363636364,5.296296296,8.230769231,8.130434783,9.727272727,9.652173913,7.454545455
Acute vaginitis,9.727272727,7.204545455,7.204545455,8.55,9.552631579,8.904761905,8.720930233,9.727272727,9.69047619,8.153846154
Pain in right hand,9.712328767,6.175438596,6.880597015,6.984126984,8.4375,9.712328767,8.217391304,8.03030303,8.014084507,6.175438596
Bilateral age-related nuclear cataracts,9.666666667,6.096774194,9.666666667,9.46875,7.96875,6.235294118,6.096774194,6.941176471,7.771428571,6.454545455
Melanocytic nevus,9.662613982,7.713804714,7.713804714,7.98381877,7.840531561,9.662613982,8.512987013,8.195512821,8.82781457,7.993243243
Bleeding from nose,9.636363636,6.793103448,6.793103448,8.051282051,7.575757576,8.722222222,7.35,9.636363636,8.135135135,7.148148148
Pain in finger,9.636363636,7.61971831,7.61971831,7.924242424,8.803030303,9.636363636,8.123076923,8.96875,8.441176471,8.151515152
Residual hemorrhoidal skin tags,9.625,5.642857143,8.15,6.95,9.625,6.1875,5.642857143,6.555555556,7.3,6.047619048
"Keratoconjunctivitis sicca, in Sj√∂gren's syndrome",9.590909091,7.047619048,7.047619048,8.5,8.545454545,9.590909091,8.681818182,8.666666667,NA,NA
Dehydration,9.583333333,5.55,5.55,7.256410256,8.024390244,9.583333333,8.416666667,6.634146341,7.256410256,8.162162162
Impaired glucose tolerance,9.540540541,6.542857143,6.542857143,7.707317073,7.027777778,9.342857143,8.545454545,7.837837838,9.540540541,6.727272727
Old myocardial infarction,9.515151515,6.871794872,7.58974359,7.974358974,9.515151515,8.65,6.871794872,8.242424242,7.378378378,8.833333333
Metatarsalgia,9.47826087,5.535714286,9.47826087,NA,8,5.535714286,5.909090909,5.826086957,7.884615385,7.37037037
Benign neoplastic disease,9.444444444,4.888888889,5.923076923,7.580645161,9.444444444,8.84375,4.888888889,8,6.821428571,5.428571429
Enthesopathy of lower limb,9.44,6.875,NA,NA,7.523809524,9.44,6.875,8.96,9.347826087,8.2
Acquired absence of organ,9.43373494,6.352272727,8.525641026,8.197530864,7.810344828,9.43373494,7.891566265,8.091954023,7.9,6.352272727
Blepharitis of left eyelid,9.428571429,6.08,NA,6.12,9.428571429,6.08,6.130434783,6.6,6.35,NA
Neoplasm of uncertain behavior of skin,9.425925926,7.620689655,8.269503546,8.777027027,8.220689655,9.425925926,9.2625,8.894409938,8.675496689,7.620689655
Regular astigmatism,9.418918919,7.015873016,7.015873016,7.85915493,9.418918919,8.507462687,7.075757576,7.590163934,7.970149254,7.68852459
Edema,9.392405063,6.897435897,8.267605634,9.392405063,8.75308642,8.602272727,8,9.039473684,8.256410256,6.897435897
Radiologic finding,9.384615385,5.821428571,5.821428571,7.703703704,8.291666667,8.576923077,8.25,6.346153846,9.384615385,6.833333333
Blepharitis,9.37037037,5.068965517,7.212121212,7.333333333,9.37037037,6.3125,5.939393939,5.59375,6.466666667,5.068965517
Blood in urine,9.333333333,4.5,NA,7.217391304,7.739130435,7.136363636,7.772727273,6.461538462,9.333333333,4.5
Synovitis and tenosynovitis,9.321428571,5.363636364,5.666666667,9.321428571,7.192307692,7.321428571,7.75,8.03125,7.259259259,5.363636364
Scar conditions and fibrosis of skin,9.321428571,7.348837209,9.050632911,9.209302326,8.844444444,7.494949495,7.348837209,8.531914894,9.321428571,7.9875
Acute pansinusitis,9.3,3.45,3.666666667,9.3,NA,4.64,3.952380952,4.380952381,5.857142857,3.45
Illness,9.3,5.181818182,5.304347826,7.476190476,6.923076923,6.592592593,9.3,6.333333333,5.181818182,6.3
Pelvic and perineal pain,9.3,6.45,NA,NA,6.45,NA,NA,NA,9.3,NA
Periodic limb movement disorder,9.269230769,5.875,7.666666667,9.269230769,7.269230769,7.777777778,7.652173913,8.545454545,6.28,5.875
Asteatosis cutis,9.266666667,5.107142857,7.339285714,6.14516129,7.161290323,9.266666667,5.931034483,6.963636364,6,5.107142857
Acute exacerbation of asthma,9.256410256,4.675,6.707317073,9.256410256,7.25,8.652173913,6.913043478,6.045454545,5.866666667,4.675
Disorder of bone and articular cartilage,9.253164557,6.679487179,7.0875,8.46835443,8.320987654,9.071428571,9.253164557,8.582278481,7.432098765,6.679487179
Upper respiratory tract infection due to Influenza,9.25,6.20754717,6.20754717,6.762711864,8.553571429,9.25,6.596153846,9.192982456,7.403508772,7.347826087
"Gestation period, 39 weeks",9.238095238,5.952380952,NA,5.952380952,NA,9.238095238,NA,NA,NA,NA
Senile cataract,9.233333333,6.2,8.4,9.233333333,6.620689655,6.235294118,6.2,7.357142857,6.9375,6.615384615
Paresthesia,9.194285714,7.517241379,8.135802469,7.726190476,8.352272727,9.194285714,7.701754386,7.517241379,8.245398773,8.066225166
Acute upper respiratory infection,9.19218241,5.547854785,5.930313589,9.133333333,7.918644068,9.19218241,7.481099656,6.389261745,6.182795699,5.547854785
"Localized swelling, mass and lump, lower limb",9.172413793,5.806451613,6.703703704,7.703703704,7.846153846,7.0625,6.103448276,9.172413793,5.806451613,7.483870968
Benign neoplasm of cecum,9.171428571,4.375,6.96969697,8.161290323,6.428571429,9.171428571,6.382352941,4.375,5.945945946,8.129032258
Somatoform disorder,9.15,5.090909091,NA,6.181818182,NA,6.047619048,NA,5.090909091,5.75,9.15
Pain in throat,9.15,6.857142857,6.857142857,9.15,NA,NA,NA,NA,NA,NA
Intervertebral disc disorder,9.15,9.15,NA,NA,9.15,NA,NA,NA,NA,NA
Hypertrophy of breast,9.142857143,6.761904762,6.761904762,7.8,7.130434783,8.64,NA,9.142857143,8.5,6.80952381
Thoracic spondylosis without myelopathy,9.142857143,9.142857143,NA,NA,NA,9.142857143,NA,NA,NA,NA
Preoperative state,9.134453782,6.475409836,7.929824561,8.5,7.443478261,9.134453782,6.475409836,6.606299213,6.958677686,7.212962963
Unsteady when standing,9.130434783,4.9,9.130434783,7,NA,7.4,NA,NA,4.9,NA
Heartburn,9.125,6.068181818,7.634146341,8.843137255,9.125,8.78,7.775510204,7.612244898,8.511627907,6.068181818
Perimenopausal disorder,9.1,5.095238095,5.095238095,9.1,5.285714286,NA,NA,NA,8.045454545,6.545454545
Pain in lower limb,9.095238095,5.378378378,6.675675676,5.555555556,8.111111111,9.095238095,5.75,6.459459459,5.722222222,5.378378378
Disorder of ear,9.09375,6.833333333,8.55,7.87804878,6.833333333,8.545454545,8.333333333,6.864864865,7.785714286,9.09375
Eruption,9.093596059,7.216666667,7.32967033,7.216666667,7.922680412,9.093596059,8.955801105,7.251308901,8.282722513,7.379679144
Pounding heart,9.086956522,5.260869565,6.095238095,5.260869565,7.55,8.913043478,8.545454545,9.086956522,NA,NA
Disorder of patellofemoral joint,9.068965517,5.769230769,5.769230769,8.217391304,6.206896552,8.129032258,9.064516129,7.9,9.068965517,7.583333333
Degeneration of cervical intervertebral disc,9.063829787,7.163636364,7.448979592,7.64,8.901960784,8.31372549,9.063829787,7.163636364,8.333333333,7.914893617
Callosity,9.033333333,4.684210526,6.102564103,4.904761905,5.609756098,6.909090909,4.684210526,6.515151515,6.394736842,9.033333333
Vulval and/or perineal noninflammatory disorders,9.03125,6.677419355,7.151515152,7.657142857,8.222222222,7.162162162,6.971428571,9.03125,7.027027027,6.677419355
Candidiasis,9.027027027,4.971428571,7.472222222,6.5,8.046511628,9.027027027,7.7,7.625,7.543478261,4.971428571
Traumatic AND/OR non-traumatic injury,9.022727273,4.666666667,4.666666667,5.85106383,6.755555556,7,6.59375,6.554347826,6.761363636,9.022727273
Exacerbation of intermittent asthma,9,6.047619048,7,6.318181818,NA,8.875,7.409090909,9,7.380952381,6.047619048
Vomiting,9,6.647058824,7.333333333,7.705882353,8.142857143,9,8.242424242,7.657142857,8.8,6.647058824
Eustachian tube disorder,8.93442623,5.384615385,5.384615385,7.71875,6.347222222,6.8,8.93442623,6.661538462,6.086206897,8.293103448
Disorder of pigmentation,8.928571429,6.047619048,6.775,7.47826087,6.726190476,8.928571429,8.278481013,6.047619048,7.464285714,6.585365854
Persistent pain following procedure,8.921875,6.457627119,6.457627119,7.481481481,8.057971014,8.921875,7.246153846,7.046153846,8.408450704,7.606060606
Disorder of bursa of shoulder region,8.913043478,6.090909091,6.090909091,8.142857143,8.153846154,8.291666667,6.791666667,8.913043478,7.296296296,6.181818182
Seborrheic dermatitis,8.909090909,4.892857143,8.421875,7.450704225,7.542372881,8.909090909,6.2,7.362068966,6.033898305,4.892857143
Benign neoplasm of transverse colon,8.882352941,5.9375,7.691176471,8.764705882,8.212121212,8.882352941,5.9375,6.52173913,7.043478261,8.833333333
Scoliosis deformity of spine,8.882352941,6.566666667,7,8,8.21875,8.882352941,8.212121212,8.766666667,8.766666667,6.566666667
Pain in pelvis,8.870229008,6.711864407,7.722689076,8.64,8.2734375,8.5703125,8.484126984,8.870229008,7.096296296,6.711864407
Disorder of breast,8.837209302,6.721518987,6.721518987,7.87654321,7.939759036,8.837209302,6.833333333,7.486486486,7.567567568,7
Bilateral tinnitus,8.821428571,5.508474576,5.516666667,8.821428571,6.666666667,7.125,7.964912281,7.968253968,7.101694915,5.508474576
At risk - finding,8.818181818,4.916666667,NA,NA,6.863636364,8.818181818,6.333333333,NA,4.916666667,NA
"Human papillomavirus deoxyribonucleic acid test positive, high risk on cervical specimen",8.793103448,6.057142857,6.875,6.870967742,7.066666667,7.147058824,6.057142857,6.862068966,8.793103448,6.125
Acute stress disorder,8.727272727,6.452380952,6.465116279,6.452380952,8.727272727,7.574468085,7.738095238,7.882352941,7.022222222,6.466666667
Skin finding,8.722222222,4.977272727,7.166666667,5.477272727,8.722222222,8.413043478,6.175,4.977272727,6.891891892,6.487804878
Hemorrhoids,8.68902439,6.479289941,6.479289941,8.369047619,7.411042945,8.379120879,7.05,7.371257485,8.68902439,6.582781457
Lower abdominal pain,8.680851064,5.311111111,6.040816327,8.680851064,8.54,6.925925926,5.979591837,7.264150943,5.541666667,5.311111111
Melanocytic nevus of trunk,8.675675676,5.101265823,8.675675676,7.6,7.743902439,8,7.386363636,7.285714286,7.691358025,5.101265823
Hypercholesterolemia,8.65625,6.228571429,6.387096774,7.542857143,7.272727273,6.805555556,6.228571429,8.65625,6.333333333,7.875
Neuropathy,8.641025641,5.84375,5.84375,6.787878788,6.65,8.641025641,7.903225806,6.939393939,7.108108108,6.225806452
General finding of observation of patient,8.602941176,5.746153846,5.746153846,7.134751773,7.260869565,7.474025974,8.602941176,7.076388889,6.952054795,6.313868613
Acute cystitis,8.594594595,5.338028169,7.417910448,6.358974359,7.632911392,8.594594595,6.315068493,6.628205128,6.475609756,5.338028169
Osteophyte of bone,8.588235294,5.074074074,5.074074074,7.870967742,6.483870968,6.857142857,6.935483871,7.709677419,8.588235294,7.133333333
Sleep apnea,8.570469799,6.291139241,7.051282051,7.018181818,6.967948718,8.34939759,7.587096774,7.224358974,8.570469799,6.291139241
Disorder of skin,8.567901235,5.848101266,6.986486486,7.414285714,7.602739726,8.567901235,7.328767123,5.848101266,6.891891892,7.06557377
Contact dermatitis,8.566666667,2.884615385,3.387096774,2.884615385,5.357142857,5.642857143,3.464285714,3.965517241,8.566666667,3.533333333
Finding related to attentiveness,8.564516129,6.459016393,8.564516129,7.144927536,7.327868852,6.746268657,6.459016393,7.253968254,8.403508772,6.8
Disorder of thigh,8.561403509,6.071428571,6.574468085,8.018518519,8.561403509,6.70212766,6.653846154,6.979591837,6.931034483,6.071428571
Chronic allergic conjunctivitis,8.56,4.037037037,5.136363636,4.037037037,7,4.517241379,6.130434783,6.44,6.590909091,8.56
Degeneration of lumbosacral intervertebral disc,8.555555556,5.205882353,5.205882353,7.028571429,6.566666667,8.555555556,8.032258065,6.566666667,6.5,6.642857143
Menopausal syndrome,8.535714286,6.540229885,6.540229885,7.03125,6.597826087,8.340659341,8.535714286,8.079545455,7.053763441,7.67816092
Ganglion cyst,8.523809524,8.523809524,NA,NA,NA,8.523809524,NA,NA,NA,NA
Disorder of body system,8.513888889,6.044776119,7.09375,8.506666667,8.513888889,8.363636364,7.76,7.710144928,7.424657534,6.044776119
Alopecia,8.5,5.043478261,5.043478261,8.5,5.095238095,6.807692308,6.666666667,5.272727273,6.782608696,6.454545455
Tinea pedis,8.484848485,4.46875,6.653846154,8.484848485,6.518518519,7.321428571,4.46875,5.172413793,7.703703704,5.806451613
Nervous system symptoms,8.47826087,3.678571429,4.814814815,8.47826087,3.678571429,7.428571429,6.8,8.346153846,6.333333333,3.961538462
Disorder of digestive system,8.467889908,4.18018018,6.54,6.179245283,6.697247706,8.467889908,6.785046729,7.75,6.803571429,4.18018018
Abnormal breathing,8.457446809,6.177083333,6.358695652,7.93814433,8,8.072916667,8.457446809,6.177083333,8.045977011,6.829545455
Benign neoplasm of descending colon,8.45,5.1875,5.1875,6.702702703,7.7,8.45,6.243902439,5.696969697,5.611111111,5.870967742
Finding of frequency of urination,8.446666667,6.485507246,7.149606299,6.644927536,6.517006803,7.897435897,8.446666667,7.888111888,7.689189189,6.485507246
Urogenital finding,8.415584416,6.105263158,8.415584416,7.5,6.105263158,7.544444444,7.194029851,7.01369863,6.243589744,6.397058824
Diverticulitis of large intestine,8.384615385,5.566666667,5.566666667,7.423076923,7.892857143,8.37037037,6.172413793,8.384615385,6.806451613,6.035714286
Gastritis,8.333333333,4.659574468,5.711111111,7.897435897,7.951219512,6.642857143,8.333333333,5.736842105,4.659574468,6.114285714
Meibomian gland dysfunction,8.32,4.583333333,7.904761905,8.32,8.192307692,6.206896552,5.740740741,6.068965517,5.590909091,4.583333333
"Localized, primary osteoarthritis of the wrist",8.318181818,6.095238095,NA,8.318181818,6.095238095,6.904761905,6.523809524,7.35,NA,NA
Hypomagnesemia,8.3,6.3,NA,NA,NA,NA,8.3,NA,6.3,NA
Hypoglycemia,8.285714286,4.619047619,NA,NA,7.565217391,8.285714286,7.913043478,4.619047619,4.65,NA
Tremor,8.282608696,5.909090909,5.909090909,7.5625,7.306122449,8.282608696,6.369565217,6.533333333,6.145833333,6.341463415
Fibrocystic disease of breast,8.212121212,7.025,8.212121212,7.727272727,7.352941176,7.941176471,7.722222222,7.025,7.942857143,8
Bronchitis,8.189873418,5.702702703,6.383561644,7.833333333,6.636363636,8.189873418,7.186666667,5.702702703,7.150684932,7.476190476
Posterior vitreous detachment,8.181818182,4.55,NA,6.791666667,6.909090909,8.181818182,NA,NA,5.619047619,4.55
"Localized swelling, mass and lump, upper limb",8.166666667,5.28125,5.28125,6.137931034,7.785714286,7.9375,7.060606061,6.84375,8.166666667,7.444444444
Sleep disorder,8.150442478,6.388349515,6.873786408,8.150442478,7.348623853,7.479338843,6.896226415,7.300884956,7.623762376,6.388349515
Acute pain,8.125,5.706896552,6,5.706896552,6.444444444,8.125,7.06,6.945454545,6.941176471,6.4
Disorder of nail,8.083333333,6.111111111,7.285714286,8.083333333,7.458333333,8,6.111111111,6.64,7.933333333,6.538461538
Enthesopathy,8.039215686,5.591836735,6,8,7.377777778,8.039215686,7.489361702,5.666666667,5.591836735,6.021276596
Hypermetropia,8.035714286,5.448275862,6.854166667,5.448275862,7.725806452,8.035714286,6.114754098,5.705882353,5.480769231,6.0625
Postmenopausal state,8.018181818,6.178571429,7.653061224,7.132075472,6.178571429,7.508196721,8.018181818,7.019607843,7.52,6.464285714
Mammographic calcification of breast,8.016666667,4.85,5.851851852,6.867647059,7.587301587,7.857142857,8.016666667,6.555555556,7.551724138,4.85
Benign neoplasm of sigmoid colon,8,5.30952381,6.976744186,8,7.9,7.416666667,6.783783784,5.30952381,6.555555556,5.384615385
Disorder of lip,7.961538462,5.32,7.181818182,6,7.208333333,7.961538462,7.909090909,7.807692308,6.192307692,5.32
Urinary incontinence,7.961538462,5.350877193,7.653846154,5.557692308,7.236363636,7.961538462,5.471698113,7.538461538,7.673076923,5.350877193
Benign neoplasm of ascending colon,7.958333333,5.6,6.847457627,6.952380952,7.484848485,7.958333333,6.916666667,5.6,6.865671642,5.818181818
Disorder of upper gastrointestinal tract,7.913793103,4.711111111,7.022727273,7.166666667,6.166666667,7.913793103,7.5,6.392857143,7.78,4.711111111
Subserous leiomyoma of uterus,7.9,7.9,NA,NA,NA,NA,NA,NA,7.9,NA
Lump in right breast,7.888888889,4.411764706,6.034482759,5.311111111,6.631578947,7.888888889,5.181818182,6.024390244,4.585365854,4.411764706
Acute frontal sinusitis,7.864864865,4.576923077,4.576923077,6.583333333,5.794117647,7.864864865,6,5.727272727,6.228571429,5.878787879
Blood glucose abnormal,7.84375,5.613861386,6.966292135,7.130434783,6.51,6.480769231,7.84375,6.824175824,6.362745098,5.613861386
Rectal polyp,7.826086957,3.592592593,6.08,5,7.826086957,6.793103448,4.4,3.592592593,5.47826087,5.608695652
Acute bronchitis,7.824175824,4.530864198,4.569892473,5.712871287,6.606060606,7.824175824,6.315217391,6.232323232,5.963855422,4.530864198
No abnormality detected - examination result,7.821052632,5.574257426,6.034883721,6.71875,6.463157895,7.821052632,6.12371134,6.717171717,5.574257426,5.677083333
Finding reported by subject or history provider,7.76,6,6,7.043478261,7.76,7.466666667,7.076923077,7.269230769,7.566666667,6.12
Bilateral myopia of eyes,7.744680851,5.944444444,6.847826087,6.230769231,7.087719298,5.944444444,6.86,7.744680851,7.551020408,6.346938776
Abnormal level of blood mineral,7.727272727,5.045454545,NA,NA,6.80952381,7.727272727,NA,NA,NA,5.045454545
Benign neoplasm of skin of trunk,7.628571429,5.454545455,6.578947368,7.325581395,7.536585366,7.622222222,6.846153846,7.604651163,7.628571429,5.454545455
Streptococcal sore throat,7.611111111,4.918918919,6,7.102564103,5.487179487,7.611111111,7.527777778,6.909090909,4.918918919,6.774193548
Snoring,7.585365854,6.589147287,7.151515152,6.722627737,6.589147287,7.282608696,6.8,6.850393701,7.585365854,6.798387097
Hypercalcemia,7.583333333,5.692307692,6.285714286,5.692307692,7.033333333,7.583333333,7,7.184210526,6.457142857,6.764705882
Localized enlarged lymph nodes,7.575757576,6.525423729,7.45,7.444444444,6.525423729,7.563380282,7.367647059,7.575757576,7.52238806,6.655172414
Pain in right arm,7.523809524,4.536585366,4.875,4.536585366,6.55,6.659574468,6.446808511,5.813953488,7.523809524,5.513513514
Swelling / lump finding,7.520833333,4.613636364,4.613636364,4.977272727,5.208333333,6.224489796,7.520833333,6.760869565,7.177777778,5.125
Astigmatism,7.514705882,5.53125,6.815789474,6.620967742,7.514705882,6.231292517,6.860465116,5.53125,6.26984127,6.426086957
Meibomian gland dysfunction of right eye,7.476190476,4.2,7.476190476,7.36,7.111111111,5.714285714,5.153846154,6.071428571,4.739130435,4.2
Cellulitis,7.470588235,4.935483871,5.666666667,5.5,4.935483871,5.647058824,6.677419355,6.705882353,7.162162162,7.470588235
Drowsy,7.459459459,4.65,7.138888889,6.772727273,7.459459459,6.302325581,6.731707317,5.177777778,6.804878049,4.65
Acute sinusitis,7.457943925,4.39,4.39,6.11,5.82,7.457943925,6.672897196,6.544444444,6.388888889,6.681318681
Tension-type headache,7.451612903,4.90625,4.90625,7.166666667,6.285714286,7.451612903,5.580645161,6.75,6.733333333,5.392857143
Altered bowel function,7.4,4.86,5.34,6.466666667,4.86,7.244897959,7.4,6.369565217,6.365853659,4.911111111
Disorder of esophagus,7.351351351,5.393939394,6.727272727,5.675,7.175,5.837209302,7.351351351,6,6.617647059,5.393939394
Hair follicle disorder,7.329113924,4.22972973,7.012658228,5.337349398,7.329113924,5.721649485,5.849462366,5.4,4.759036145,4.22972973
Pruritic rash,7.25,4.733333333,4.733333333,5.523076923,5.603174603,6.516666667,7.232142857,7.25,6.359375,5.196428571
Otitis externa,7.25,5.85,7.25,NA,5.85,6.523809524,NA,NA,NA,NA
Mononeuritis,7.238095238,6.761904762,6.761904762,7.090909091,6.863636364,7.238095238,NA,7,NA,NA
Disorder of respiratory system,7.21875,4.575757576,5.5,7.172413793,5.323529412,7.21875,6.393939394,5.483870968,4.575757576,4.586206897
Benign neoplasm of skin,7.213414634,6.077922078,6.205298013,6.282894737,6.077922078,7.213414634,6.419354839,6.803680982,6.571428571,6.970588235
Combined form of senile cataract,7.203703704,5.638297872,6.5,6.978723404,5.638297872,7.203703704,5.755102041,6.0625,6.680851064,5.666666667
Hyperpigmentation of skin,7.197368421,5.507317073,6.610576923,6.190954774,7.083743842,7.197368421,6.906403941,6.492890995,6.328502415,5.507317073
Inflamed seborrheic keratosis,7.151162791,4.922077922,4.922077922,5.769230769,5.564705882,7.151162791,5.761363636,5.695652174,5.76344086,5.17721519
Hearing loss,7.150684932,4.415384615,4.415384615,6.397058824,5.134328358,7.150684932,6.111111111,5.720588235,5.878787879,5.462962963
Essential tremor,7.15,6.761904762,NA,7.15,NA,6.761904762,NA,NA,NA,NA
Chronic tension-type headache,7.15,7.15,NA,NA,NA,NA,NA,NA,7.15,NA
Thyroid nodule,7.15,7.15,NA,NA,NA,7.15,NA,NA,NA,NA
Viral disease,7.107692308,3.605042017,6.083969466,7.107692308,6.465517241,6.277372263,5.194915254,4.237288136,4.938596491,3.605042017
Cellulitis of toe,7.1,5.523809524,5.857142857,NA,7.1,5.523809524,NA,NA,NA,NA
Menopause present,7.098039216,5.897142857,5.897142857,6.666666667,6.817679558,7.098039216,6.603092784,5.967741935,6.885869565,6.230769231
Abnormal menstrual cycle,7.085106383,4.630434783,4.9,6.914893617,6.755555556,7.085106383,6.395348837,6.976190476,5.9375,4.630434783
"Localized swelling, mass and lump, trunk",7.05,3.884615385,5.565217391,7.05,5.590909091,NA,6.086956522,3.884615385,6.653846154,5.47826087
Disorder of sebaceous gland,7.05,4.434782609,6.333333333,4.434782609,7.05,6.956521739,4.434782609,4.727272727,4.80952381,NA
Herpes zoster without complication,7,4.564102564,5,6,7,6.380952381,4.564102564,6.543478261,6.386363636,5.219512195
Urinary symptoms,7,4.681818182,4.681818182,6.47826087,7,5.227272727,5.041666667,NA,NA,NA
Tinea corporis,7,7,NA,NA,NA,7,NA,NA,NA,NA
Otalgia,6.97260274,4.986486486,5.968253968,4.986486486,6.561643836,6.408450704,5.88,6.884057971,6.97260274,6.183098592
Abnormal findings diagnostic imaging heart+coronary circulat,6.970588235,5.666666667,5.705882353,6.75,6.8125,6.764705882,6.970588235,6.64516129,5.71875,5.666666667
Polyp of colon,6.96460177,5.381355932,5.381355932,6.132231405,6.801724138,6.872180451,5.75,5.627906977,5.891472868,6.96460177
"Gestation period, 8 weeks",6.95,4.416666667,4.416666667,6,6.038461538,5.818181818,6.95,5.826086957,5.416666667,NA
Strain of muscle and/or tendon of lower leg,6.92,4.133333333,4.769230769,6,5.818181818,6.92,6.272727273,4.133333333,6.481481481,5.36
Displacement of cervical intervertebral disc,6.9,4.8,4.8,6.19047619,6.9,5.423076923,6.692307692,5.72,5.782608696,NA
Sore throat symptom,6.878787879,3.756756757,3.756756757,5.090909091,4.815789474,6.878787879,4.210526316,6.375,4.393939394,3.785714286
Laceration of finger,6.85,3.761904762,3.761904762,NA,5.142857143,6.24,6.85,5.8,5.708333333,NA
Cystocele,6.85,6.85,NA,NA,NA,6.85,NA,NA,NA,NA
Acute atopic conjunctivitis,6.847826087,5.086956522,5.086956522,5.270833333,5.68627451,5.547169811,6.083333333,6.043478261,6.2,6.847826087
Hemangioma,6.833333333,4.1,5.296296296,6.47826087,4.862068966,5.28125,6.833333333,4.1,6.137931034,4.925925926
Non-neoplastic nevus,6.810218978,4.968992248,5.158730159,4.984496124,5.882352941,6.810218978,4.968992248,5.380952381,5.173228346,5.25
Digestive symptom,6.80952381,4.05,5.25,6.80952381,4.916666667,5.571428571,NA,4.05,4.380952381,NA
Finding of head and neck region,6.8,3.708333333,3.956521739,NA,3.708333333,5,6.8,5.652173913,NA,NA
Male pattern alopecia,6.75,6.75,NA,NA,NA,NA,NA,NA,6.75,NA
Seasonal allergic rhinitis,6.733333333,5.486486486,5.936936937,6.297520661,6.733333333,5.93220339,5.844827586,5.709401709,5.87826087,5.486486486
Disorder of eye region,6.714285714,3.869565217,6.19047619,6.375,NA,6.714285714,5,5.95,4.740740741,3.869565217
Digestive system finding,6.684210526,4.035714286,5.551724138,5.545454545,5.542857143,6.684210526,5.482758621,4.575757576,4.606060606,4.035714286
Complication of surgical procedure,6.675675676,3.181818182,3.181818182,3.878787879,4.696969697,5.264705882,4.189189189,4.195121951,6.675675676,4.870967742
Passing flatus,6.666666667,6.666666667,NA,NA,NA,6.666666667,NA,NA,NA,NA
Acute exacerbation of moderate persistent asthma,6.64,4.615384615,5.291666667,4.615384615,5.481481481,6.64,6.2,5.333333333,6.458333333,NA
Acute maxillary sinusitis,6.637254902,4.870967742,5.744680851,6.471698113,5.495327103,6.637254902,5.336734694,5.673684211,5.06741573,4.870967742
Thyroid function tests abnormal,6.636363636,4.828571429,5.15625,6.375,5.35483871,6.636363636,6.424242424,6.323529412,4.84375,4.828571429
Nuclear cataract,6.583333333,5.153846154,NA,5.217391304,6.583333333,6.458333333,5.636363636,5.363636364,5.153846154,6.217391304
Hematuria co-occurrent and due to acute cystitis,6.56097561,3.522727273,3.522727273,4,4.711111111,4.957446809,4.627906977,4.717948718,6.56097561,4.146341463
"Tricuspid incompetence, non-rheumatic",6.516129032,4.533333333,5.068965517,5.464285714,5.307692308,6.516129032,5.571428571,6.034482759,4.533333333,5.419354839
Elevated levels of transaminase & lactic acid dehydrogenase,6.513513514,5.852941176,5.852941176,6.419354839,6.487179487,6.136363636,6.025,6.394736842,6.513513514,6.421052632
Xerostomia,6.5,4.76,5.384615385,4.862068966,6.5,6.407407407,5.607142857,6.227272727,5.321428571,4.76
Asymptomatic,6.479166667,4.326530612,5.041666667,6.12244898,6.479166667,5.727272727,5.692307692,4.326530612,5.137254902,4.384615385
Acute low back pain,6.464285714,4.689655172,4.689655172,5.714285714,4.9,6.464285714,5.214285714,5.121212121,6,5.636363636
Disorder of head,6.45,3.45,4.333333333,NA,4.095238095,NA,6.45,5.238095238,5.590909091,3.45
Chronic gastritis,6.431818182,3.325,4.139534884,3.325,4.186046512,4.106382979,4.488372093,5.125,6.431818182,4.625
Bacterial infectious disease,6.417910448,4.449275362,4.552238806,6.1875,5.174603175,5.029411765,5.602941176,5.833333333,6.417910448,4.449275362
Esophagitis,6.409090909,3.96875,4.111111111,3.96875,5.586206897,5.740740741,4.8125,6.409090909,5.65625,5.5
Disorder of the urinary system,6.4,6.4,NA,NA,NA,6.4,NA,NA,NA,NA
Cardiovascular symptoms,6.333333333,6.333333333,6.333333333,NA,NA,NA,NA,NA,NA,NA
Foot pain,6.265822785,4.121621622,4.121621622,5.647887324,6.265822785,5.0125,4.911392405,4.475,5.164556962,4.407407407
Contusion of knee,6.19047619,5.55,NA,6.19047619,NA,NA,NA,NA,5.55,NA
Herpesviral vesicular dermatitis,6.178571429,4.24137931,4.24137931,4.575757576,4.346153846,4.482758621,6.178571429,4.807692308,5.5,4.379310345
Vitamin deficiency,6.15,6.15,6.15,NA,NA,NA,NA,NA,NA,NA
Discoloration of skin,6.106060606,4.710144928,5.757575758,5.672413793,5.565217391,5.986842105,6.106060606,4.891891892,5.695652174,4.710144928
Hypertrophic osteoarthropathy,6.103448276,3.433333333,3.769230769,4.111111111,3.433333333,5.483870968,5.631578947,4.205882353,4.558823529,6.103448276
Posterior rhinorrhea,6.101694915,4.222222222,4.366666667,5.614035088,5.5,6.098360656,5.666666667,5.945454545,6.101694915,4.222222222
Irritable bowel syndrome characterized by alternating bowel habit,6.1,4.148148148,4.678571429,5.482758621,5.03125,5.379310345,6.1,4.90625,5.451612903,4.148148148
Gallstone,6.093023256,3.815789474,6.093023256,4.775,5.023809524,5.921052632,4.375,5,3.815789474,3.880952381
Diverticulosis of large intestine without diverticulitis,6.075,4.19858156,4.547945205,5.147651007,5.083916084,6.075,5.25170068,5.209459459,4.96835443,4.19858156
Dry eyes,6.05,5.85,6.05,5.85,NA,NA,NA,NA,NA,NA
Connective tissue and disc stenosis of intervertebral foramina,6.047619048,3.15,4.090909091,3.15,6.047619048,4,NA,NA,NA,NA
Imaging of brain abnormal,6.047619048,5.619047619,NA,NA,NA,NA,NA,5.619047619,6.047619048,NA
Pain in eye,6.04,3.625,5.8,5.608695652,6.04,4.37037037,5.541666667,4.041666667,3.625,4.454545455
General symptom,6.033333333,3.857142857,4.260869565,4.290322581,5.032258065,4.8,6.033333333,3.857142857,4.580645161,4.310344828
Skin changes due to chronic exposure to non-ionizing radiation,6.018518519,4.650943396,4.650943396,5.137254902,5.028301887,4.692982456,4.990740741,6.018518519,5.440366972,5.047169811
Allergic contact dermatitis,6,3.833333333,4.655172414,5.772727273,3.833333333,3.923076923,5.846153846,6,5.222222222,4.2
Bilateral regular astigmatism,5.92,4.708333333,NA,4.954545455,5.25,5.083333333,5.04,5.7,5.92,4.708333333
Non-rheumatic heart valve disorder,5.904761905,3.903225806,4.620689655,3.903225806,4.653846154,5.888888889,4.125,4.172413793,4.16,5.904761905
Nonulcer dyspepsia,5.9,5.9,NA,NA,NA,NA,NA,5.9,NA,NA
Imaging of abdomen abnormal,5.88,3.44,4.347826087,5.88,4.222222222,4.125,4.4,3.44,5.76,3.653846154
Conjunctivitis,5.85,3.363636364,4.619047619,4.565217391,3.363636364,4.47826087,5.85,4.916666667,4.423076923,4.12
Otitis media,5.846153846,4,5.324324324,4.846153846,4,5.846153846,5.055555556,4.738095238,4.230769231,5.054054054
Multiple benign melanocytic nevi,5.836065574,4.103448276,4.714285714,4.25862069,4.946428571,5.836065574,5.375,5.068965517,4.103448276,5.018518519
Mixed conductive AND sensorineural hearing loss,5.8,4.85,NA,5.8,4.85,NA,5.25,NA,NA,NA
Injury of free lower limb,5.782608696,2.772727273,3.538461538,5.782608696,3.347826087,5.12,2.772727273,3.888888889,4.32,4.416666667
Disorder of integument,5.761904762,4.260869565,NA,NA,5.761904762,NA,NA,NA,4.260869565,NA
Noninflammatory disorder of the female genital organs,5.75,4.681818182,NA,NA,NA,NA,5.3,5.75,4.681818182,4.904761905
Finding of vision of eye,5.703703704,3.433333333,4.892857143,4.576923077,5.703703704,4.46875,3.928571429,3.433333333,5.166666667,5.551724138
Derangement of knee,5.619047619,4.619047619,NA,NA,5.2,NA,4.619047619,5.619047619,NA,NA
Stool finding,5.595238095,4.272727273,5.595238095,5.543478261,4.272727273,4.513513514,4.564102564,5.414634146,5.302325581,4.472222222
Irritable bowel syndrome characterized by constipation,5.5,3.739130435,3.739130435,4.173913043,5.3,5.380952381,4.8,5.5,NA,NA
Eczema,5.5,4.117647059,4.333333333,4.486486486,5.5,5.285714286,4.117647059,4.138888889,4.5,4.470588235
Lump in left breast,5.487804878,2.75,2.75,4.333333333,5.277777778,5.487804878,3.175,3.945945946,4.078947368,3.3125
Diverticulosis of large intestine,5.44,3.821428571,4.260869565,3.851851852,4.291666667,5.44,3.821428571,5.033333333,5.275862069,4.037037037
Simple obesity,5.380952381,5.380952381,NA,5.380952381,NA,NA,NA,NA,NA,NA
Skin lesion,5.342857143,3.032258065,3.032258065,3.166666667,3.6875,5.257142857,4.514285714,4.852941176,5.342857143,4.575757576
Lesion of oral mucosa,5.333333333,3,5,5.333333333,4.590909091,4.9,4.75,NA,3,3.541666667
Arthropathy of knee joint,5.318181818,4.15,NA,NA,NA,4.15,NA,5.318181818,NA,NA
Bilateral eye astigmatism,5.304347826,3.958333333,4.681818182,5.304347826,5,4.851851852,4.962962963,3.958333333,4.791666667,4.375
Hypertrophic condition of skin,5.281690141,3.838235294,4.315789474,5.109589041,4.773333333,5.281690141,4.661971831,5.23943662,5.115942029,3.838235294
Intertrigo,5.24,3.16,3.16,3.923076923,5.24,4.703703704,4.04,4.25,4.222222222,4
Jaw pain,5.24,3.380952381,3.380952381,4.363636364,4.695652174,4.409090909,4.375,5.24,4.409090909,4.545454545
Clinical history and observation findings,5.090909091,3.56,4.318181818,5.090909091,4.6,4.875,4.37037037,3.56,4.041666667,NA
Immune system finding,4.895833333,3.206896552,4.122807018,4.491803279,3.206896552,3.839285714,3.716666667,4.314814815,4.895833333,3.375
Injury of foot,4.818181818,3.038461538,3.206896552,3.043478261,3.34375,4.818181818,3.192307692,3.045454545,3.181818182,3.038461538
Degeneration of thoracic intervertebral disc,4.8,4.761904762,NA,NA,NA,4.8,NA,NA,4.761904762,NA
Sebaceous cyst of skin,4.75,3.285714286,NA,4.217391304,4.75,NA,NA,3.285714286,NA,NA
Acute conjunctivitis,4.68,3.484848485,4.21875,4,3.931034483,4.64516129,3.484848485,4.68,4.142857143,3.85
Senile angioma,4.657894737,3.078947368,4.024390244,3.078947368,4.470588235,4.657894737,3.942857143,3.921052632,3.621621622,4.307692308
Dermatochalasis of left upper eyelid,4.6,4.6,NA,NA,NA,NA,4.6,NA,NA,NA
Synovial cyst of knee,4.428571429,4.428571429,NA,NA,NA,NA,4.428571429,NA,NA,NA
Eye / vision finding,4.380952381,3.952380952,NA,NA,3.952380952,4.380952381,NA,NA,NA,NA
Follicular cysts of skin and subcutaneous tissue,4.25,2.9,2.9,NA,NA,NA,3.05,4.25,NA,NA
Viral upper respiratory tract infection,2.826086957,2.130434783,NA,2.826086957,NA,2.19047619,NA,2.142857143,2.545454545,2.130434783
